VM,IPv4,Folder,OS
Agadir-app,192.168.127.106,/KleeGroup-Hosting/DC4/Rct01,CentOS 4/5/6 (64-bit)
Agadir-BDD,192.168.127.107,/KleeGroup-Hosting/DC4/Rct01,CentOS 4/5/6 (64-bit)
Agadir-search,192.168.127.108,/KleeGroup-Hosting/DC4/Rct01,CentOS 4/5/6 (64-bit)
alec.kleegroup.com,192.168.139.11,/KleeGroup-Hosting/DC4/Mutualise,CentOS 4/5/6 (64-bit)
archimed-rct-ext,192.168.127.41,/KleeGroup-Hosting/DC4/Rct01,Other (32-bit)
atlas-ext,192.168.127.158,/KleeGroup-Hosting/DC4/Rct01,Microsoft Windows Server 2016 or later (64-bit)
BAF-EXT-BDD,192.168.127.211,/KleeGroup-Hosting/DC4/Rct01,Other (32-bit)
BAF-EXT-SEARCH,192.168.127.210,/KleeGroup-Hosting/DC4/Rct01,Debian GNU/Linux 11 (64-bit)
BAF-EXT-SSO1,192.168.127.212,/KleeGroup-Hosting/DC4/Rct01,Debian GNU/Linux 11 (64-bit)
BAF-EXT-SSO2,192.168.127.213,/KleeGroup-Hosting/DC4/Rct01,Debian GNU/Linux 11 (64-bit)
BAF-EXT-WEB-APP,192.168.127.208,/KleeGroup-Hosting/DC4/Rct01,Other (32-bit)
cbw-probe-data4-01,192.168.89.9,/KleeGroup-Hosting/DC4/Management,Other (32-bit)
cbw-probe-equinix-01,192.168.89.137,/KleeGroup-Hosting/TCC/Management,Other (32-bit)
CDC-ANALYTICS-APP,192.168.127.126,/KleeGroup-Hosting/DC4/Rct01,Debian GNU/Linux 10 (64-bit)
CDC-ANALYTICS-BDD,192.168.127.156,/KleeGroup-Hosting/DC4/Rct01,Debian GNU/Linux 10 (64-bit)
CDC-APP1,192.168.127.115,/KleeGroup-Hosting/DC4/Rct01,Debian GNU/Linux 10 (64-bit)
CDC-APP2,192.168.127.238,/KleeGroup-Hosting/DC4/Rct01,Debian GNU/Linux 10 (64-bit)
CDC-APPS,192.168.127.145,/KleeGroup-Hosting/DC4/Rct01,Debian GNU/Linux 10 (64-bit)
CDC-BDD,192.168.127.194,/KleeGroup-Hosting/DC4/Rct01,Debian GNU/Linux 10 (64-bit)
CDC-MONITORING-APP,192.168.127.138,/KleeGroup-Hosting/DC4/Rct01,Debian GNU/Linux 10 (64-bit)
CDC-MQ,192.168.127.199,/KleeGroup-Hosting/DC4/Rct01,Red Hat Enterprise Linux 7 (64-bit)
CDC-SEARCH,192.168.127.189,/KleeGroup-Hosting/DC4/Rct01,Debian GNU/Linux 10 (64-bit)
CDC-WEB1,192.168.127.114,/KleeGroup-Hosting/DC4/Rct01,Debian GNU/Linux 10 (64-bit)
ceres-api-recext,192.168.127.12,/KleeGroup-Hosting/DC4/Rct01,Other 4.x or later Linux (64-bit)
ceres-es-recext2,192.168.127.98,/KleeGroup-Hosting/DC4/Rct01,Red Hat Enterprise Linux 7 (64-bit)
CERES-EXT,192.168.127.166,/KleeGroup-Hosting/DC4/Rct01,Red Hat Enterprise Linux 7 (64-bit)
ceres-recext2,192.168.127.15,/KleeGroup-Hosting/DC4/Rct01,Red Hat Enterprise Linux 7 (64-bit)
Chatbot-Factory,192.168.127.11,/KleeGroup-Hosting/DC4/Rct01,Red Hat Enterprise Linux 7 (64-bit)
cig-hygie-rec-externe-1,192.168.127.230,/KleeGroup-Hosting/DC4/Rct01,Red Hat Enterprise Linux 7 (64-bit)
cig-hygie-rec-externe-2,192.168.127.231,/KleeGroup-Hosting/DC4/Rct01,Red Hat Enterprise Linux 7 (64-bit)
CLIENT-VPN1,192.168.127.100,/KleeGroup-Hosting/DC4/Rct01,Microsoft Windows Server 2008 R2 (64-bit)
CLIENT-VPN2,192.168.127.99,/KleeGroup-Hosting/DC4/Rct01,Microsoft Windows 8.x (64-bit)
cnaps-app,192.168.127.197,/KleeGroup-Hosting/DC4/Rct01,Red Hat Enterprise Linux 7 (64-bit)
cnaps-data,192.168.127.196,/KleeGroup-Hosting/DC4/Rct01,Red Hat Enterprise Linux 7 (64-bit)
cnaps-sso,192.168.127.198,/KleeGroup-Hosting/DC4/Rct01,Red Hat Enterprise Linux 7 (64-bit)
cnc-sofi-backup,192.168.127.20,/KleeGroup-Hosting/DC4/Rct01,Oracle Solaris 10 (64-bit)
coach-climat,192.168.127.36,/KleeGroup-Hosting/DC4/Rct01,Other (32-bit)
coach-climat-pers,192.168.127.37,/KleeGroup-Hosting/DC4/Rct01,Other (32-bit)
confluence-santefr,192.168.127.23,/KleeGroup-Hosting/DC4/Rct01,Debian GNU/Linux 9 (64-bit)
CP2I_Postgres96_utf8-rct,192.168.127.19,/KleeGroup-Hosting/DC4/Rct01,Red Hat Enterprise Linux 7 (64-bit)
cp2i-numero-unique-rct,192.168.127.18,/KleeGroup-Hosting/DC4/Rct01,CentOS 7 (64-bit)
cp2i-nuu-pgp-rct,192.168.127.16,/KleeGroup-Hosting/DC4/Rct01,CentOS 7 (64-bit)
CV-01-00-16-001,192.168.66.99,/KleeGroup-Hosting/TCC/Capital Venture,Red Hat Enterprise Linux 7 (64-bit)
CV-01-01-01-001,192.168.66.239,/KleeGroup-Hosting/TCC/Capital Venture,Microsoft Windows Server 2012 (64-bit)
CV-01-01-01-002,192.168.66.240,/KleeGroup-Hosting/TCC/Capital Venture,Microsoft Windows Server 2012 (64-bit)
CV-01-01-16-001,192.168.66.86,/KleeGroup-Hosting/TCC/Capital Venture,CentOS 4/5/6 (64-bit)
CV-01-02-01-001,192.168.66.206,/KleeGroup-Hosting/TCC/Capital Venture,Microsoft Windows Server 2012 (64-bit)
CV-01-02-01-002,192.168.66.207,/KleeGroup-Hosting/TCC/Capital Venture,Microsoft Windows Server 2012 (64-bit)
CV-01-02-16-001,192.168.66.88,/KleeGroup-Hosting/TCC/Capital Venture,CentOS 6 (64-bit)
CV-01-03-01-001,192.168.66.243,/KleeGroup-Hosting/TCC/Capital Venture,Microsoft Windows Server 2012 (64-bit)
CV-01-03-01-002,192.168.66.244,/KleeGroup-Hosting/TCC/Capital Venture,Microsoft Windows Server 2012 (64-bit)
CV-01-03-01-003,192.168.69.51,/KleeGroup-Hosting/TCC/Capital Venture,Microsoft Windows Server 2022 (64-bit)
CV-01-03-01-101,192.168.69.34,/KleeGroup-Hosting/TCC/Capital Venture,Microsoft Windows Server 2016 or later (64-bit)
CV-01-03-16-001,192.168.66.90,/KleeGroup-Hosting/TCC/Capital Venture,CentOS 6 (64-bit)
CV-01-04-01-001,192.168.66.204,/KleeGroup-Hosting/TCC/Capital Venture,Microsoft Windows Server 2012 (64-bit)
CV-01-04-01-002,192.168.66.205,/KleeGroup-Hosting/TCC/Capital Venture,Microsoft Windows Server 2012 (64-bit)
CV-01-04-16-001,192.168.66.92,/KleeGroup-Hosting/TCC/Capital Venture,CentOS 6 (64-bit)
CV-01-05-01-003,192.168.66.245,/KleeGroup-Hosting/TCC/Capital Venture,Microsoft Windows Server 2012 (64-bit)
CV-01-05-01-004,192.168.66.246,/KleeGroup-Hosting/TCC/Capital Venture,Microsoft Windows Server 2012 (64-bit)
CV-01-05-01-005,192.168.66.216,/KleeGroup-Hosting/TCC/Capital Venture,Microsoft Windows Server 2016 or later (64-bit)
CV-01-05-01-006,192.168.69.52,/KleeGroup-Hosting/TCC/Capital Venture,Microsoft Windows Server 2022 (64-bit)
CV-01-05-16-001,192.168.66.94,/KleeGroup-Hosting/TCC/Capital Venture,Red Hat Enterprise Linux 5 (64-bit)
CV-01-06-01-001,192.168.66.247,/KleeGroup-Hosting/TCC/Capital Venture,Microsoft Windows Server 2012 (64-bit)
CV-01-06-01-003,192.168.66.228,/KleeGroup-Hosting/TCC/Capital Venture,Microsoft Windows Server 2012 (64-bit)
CV-01-06-16-001,192.168.66.96,/KleeGroup-Hosting/TCC/Capital Venture,CentOS 6 (64-bit)
CV-01-07-01-001,192.168.66.248,/KleeGroup-Hosting/TCC/Capital Venture,Microsoft Windows Server 2012 (64-bit)
CV-01-07-01-002,192.168.66.249,/KleeGroup-Hosting/TCC/Capital Venture,Microsoft Windows Server 2012 (64-bit)
CV-01-07-16-001,192.168.66.102,/KleeGroup-Hosting/TCC/Capital Venture,Red Hat Enterprise Linux 5 (64-bit)
CV-01-08-01-001,192.168.66.202,/KleeGroup-Hosting/TCC/Capital Venture,Microsoft Windows Server 2012 (64-bit)
CV-01-08-01-002,192.168.66.203,/KleeGroup-Hosting/TCC/Capital Venture,Microsoft Windows Server 2012 (64-bit)
CV-01-08-01-003,192.168.69.48,/KleeGroup-Hosting/TCC/Capital Venture,Microsoft Windows Server 2016 or later (64-bit)
CV-01-08-16-001,192.168.66.100,/KleeGroup-Hosting/TCC/Capital Venture,CentOS 4/5/6 (64-bit)
CV-01-09-01-001,192.168.66.229,/KleeGroup-Hosting/TCC/Capital Venture,Microsoft Windows Server 2008 R2 (64-bit)
CV-01-09-01-002,192.168.66.230,/KleeGroup-Hosting/TCC/Capital Venture,Microsoft Windows Server 2008 R2 (64-bit)
CV-01-09-16-001,192.168.66.103,/KleeGroup-Hosting/TCC/Capital Venture,CentOS 4/5/6 (64-bit)
CV-01-10-01-001,192.168.66.231,/KleeGroup-Hosting/TCC/Capital Venture,Microsoft Windows Server 2008 R2 (64-bit)
CV-01-10-01-002,192.168.66.232,/KleeGroup-Hosting/TCC/Capital Venture,Microsoft Windows Server 2008 R2 (64-bit)
CV-01-10-16-001,192.168.66.105,/KleeGroup-Hosting/TCC/Capital Venture,CentOS 4/5/6 (64-bit)
CV-01-11-01-001,192.168.66.235,/KleeGroup-Hosting/TCC/Capital Venture,Microsoft Windows Server 2008 R2 (64-bit)
CV-01-11-01-002,192.168.66.236,/KleeGroup-Hosting/TCC/Capital Venture,Microsoft Windows Server 2008 R2 (64-bit)
CV-01-11-16-001,192.168.66.107,/KleeGroup-Hosting/TCC/Capital Venture,CentOS 4/5/6 (64-bit)
CV-01-13-01-001,192.168.66.250,/KleeGroup-Hosting/TCC/Capital Venture,Microsoft Windows Server 2012 (64-bit)
CV-01-13-01-002,192.168.66.251,/KleeGroup-Hosting/TCC/Capital Venture,Microsoft Windows Server 2012 (64-bit)
CV-01-13-16-001,192.168.66.111,/KleeGroup-Hosting/TCC/Capital Venture,CentOS 4/5/6 (64-bit)
CV-01-14-01-001,192.168.66.237,/KleeGroup-Hosting/TCC/Capital Venture,Microsoft Windows Server 2012 (64-bit)
CV-01-14-01-002,192.168.66.238,/KleeGroup-Hosting/TCC/Capital Venture,Microsoft Windows Server 2012 (64-bit)
CV-01-14-16-001,192.168.66.113,/KleeGroup-Hosting/TCC/Capital Venture,CentOS 4/5/6 (64-bit)
CV-01-15-01-001,192.168.66.223,/KleeGroup-Hosting/TCC/Capital Venture,Microsoft Windows Server 2012 (64-bit)
CV-01-15-01-002,192.168.66.224,/KleeGroup-Hosting/TCC/Capital Venture,Microsoft Windows Server 2012 (64-bit)
CV-01-15-16-001,192.168.66.115,/KleeGroup-Hosting/TCC/Capital Venture,CentOS 4/5/6 (64-bit)
CV-01-16-01-001,192.168.66.225,/KleeGroup-Hosting/TCC/Capital Venture,Microsoft Windows Server 2012 (64-bit)
CV-01-16-01-002,192.168.66.226,/KleeGroup-Hosting/TCC/Capital Venture,Microsoft Windows Server 2012 (64-bit)
CV-01-16-16-001,192.168.66.117,/KleeGroup-Hosting/TCC/Capital Venture,CentOS 4/5/6 (64-bit)
CV-01-16-16-002,192.168.66.118,/KleeGroup-Hosting/TCC/Capital Venture,CentOS 4/5/6 (64-bit)
CV-01-17-01-001,192.168.66.210,/KleeGroup-Hosting/TCC/Capital Venture,Microsoft Windows Server 2012 (64-bit)
CV-01-17-01-002,192.168.66.211,/KleeGroup-Hosting/TCC/Capital Venture,Microsoft Windows Server 2012 (64-bit)
CV-01-17-16-001,192.168.66.119,/KleeGroup-Hosting/TCC/Capital Venture,CentOS 6 (64-bit)
CV-01-19-01-001,192.168.66.217,/KleeGroup-Hosting/TCC/Capital Venture,Microsoft Windows Server 2012 (64-bit)
CV-01-19-01-002,192.168.66.218,/KleeGroup-Hosting/TCC/Capital Venture,Microsoft Windows Server 2012 (64-bit)
CV-01-19-16-001,192.168.66.123,/KleeGroup-Hosting/TCC/Capital Venture,CentOS 6 (64-bit)
CV-01-20-01-001,192.168.66.219,/KleeGroup-Hosting/TCC/Capital Venture,Microsoft Windows Server 2012 (64-bit)
CV-01-20-01-002,192.168.66.220,/KleeGroup-Hosting/TCC/Capital Venture,Microsoft Windows Server 2012 (64-bit)
CV-01-20-16-001,192.168.66.83,/KleeGroup-Hosting/TCC/Capital Venture,CentOS 4/5/6 (64-bit)
CV-01-21-01-001,192.168.66.241,/KleeGroup-Hosting/TCC/Capital Venture,Microsoft Windows Server 2016 or later (64-bit)
CV-01-21-01-002,192.168.66.242,/KleeGroup-Hosting/TCC/Capital Venture,Microsoft Windows Server 2016 or later (64-bit)
CV-01-21-01-101,192.168.69.15,/KleeGroup-Hosting/TCC/Capital Venture,Microsoft Windows Server 2016 or later (64-bit)
CV-01-21-01-102,192.168.69.16,/KleeGroup-Hosting/TCC/Capital Venture,Microsoft Windows Server 2016 or later (64-bit)
CV-01-21-16-001,192.168.66.109,/KleeGroup-Hosting/TCC/Capital Venture,Red Hat Enterprise Linux 7 (64-bit)
CV-01-22-01-001,192.168.66.252,/KleeGroup-Hosting/TCC/Capital Venture,Microsoft Windows Server 2016 or later (64-bit)
CV-01-22-01-002,192.168.66.253,/KleeGroup-Hosting/TCC/Capital Venture,Microsoft Windows Server 2016 or later (64-bit)
CV-01-22-16-001,192.168.66.124,/KleeGroup-Hosting/TCC/Capital Venture,Red Hat Enterprise Linux 7 (64-bit)
CV-01-23-01-001,192.168.66.198,/KleeGroup-Hosting/TCC/Capital Venture,Microsoft Windows Server 2016 or later (64-bit)
CV-01-23-01-002,192.168.66.199,/KleeGroup-Hosting/TCC/Capital Venture,Microsoft Windows Server 2016 or later (64-bit)
CV-01-23-16-001,192.168.66.125,/KleeGroup-Hosting/TCC/Capital Venture,CentOS 7 (64-bit)
CV-01-24-01-002,192.168.66.197,/KleeGroup-Hosting/TCC/Capital Venture,Microsoft Windows Server 2016 or later (64-bit)
CV-01-24-01-003,192.168.66.212,/KleeGroup-Hosting/TCC/Capital Venture,Microsoft Windows Server 2016 or later (64-bit)
CV-01-24-16-001,192.168.66.98,/KleeGroup-Hosting/TCC/Capital Venture,Red Hat Enterprise Linux 7 (64-bit)
CV-01-25-01-001,192.168.66.194,/KleeGroup-Hosting/TCC/Capital Venture,Microsoft Windows Server 2016 or later (64-bit)
CV-01-25-01-002,192.168.66.201,/KleeGroup-Hosting/TCC/Capital Venture,Microsoft Windows Server 2016 or later (64-bit)
CV-01-25-16-001,192.168.66.126,/KleeGroup-Hosting/TCC/Capital Venture,Red Hat Enterprise Linux 7 (64-bit)
CV-01-26-01-001,192.168.69.10,/KleeGroup-Hosting/TCC/Capital Venture,Microsoft Windows Server 2016 or later (64-bit)
CV-01-26-01-002,192.168.69.11,/KleeGroup-Hosting/TCC/Capital Venture,Microsoft Windows Server 2016 or later (64-bit)
CV-01-26-16-001,192.168.66.67,/KleeGroup-Hosting/TCC/Capital Venture,Red Hat Enterprise Linux 7 (64-bit)
CV-01-27-01-001,192.168.69.12,/KleeGroup-Hosting/TCC/Capital Venture,Microsoft Windows Server 2016 or later (64-bit)
CV-01-27-01-002,192.168.69.13,/KleeGroup-Hosting/TCC/Capital Venture,Microsoft Windows Server 2016 or later (64-bit)
CV-01-27-16-001,192.168.66.68,/KleeGroup-Hosting/TCC/Capital Venture,Red Hat Enterprise Linux 7 (64-bit)
CV-01-28-01-001,192.168.69.17,/KleeGroup-Hosting/TCC/Capital Venture,Microsoft Windows Server 2016 or later (64-bit)
CV-01-28-01-002,192.168.69.18,/KleeGroup-Hosting/TCC/Capital Venture,Microsoft Windows Server 2016 or later (64-bit)
CV-01-28-16-001,192.168.66.71,/KleeGroup-Hosting/TCC/Capital Venture,Red Hat Enterprise Linux 7 (64-bit)
CV-01-29-01-001,192.168.69.19,/KleeGroup-Hosting/TCC/Capital Venture,Microsoft Windows Server 2016 or later (64-bit)
CV-01-29-01-002,192.168.69.20,/KleeGroup-Hosting/TCC/Capital Venture,Microsoft Windows Server 2016 or later (64-bit)
CV-01-29-16-001,192.168.66.72,/KleeGroup-Hosting/TCC/Capital Venture,Red Hat Enterprise Linux 7 (64-bit)
CV-01-30-01-001,192.168.69.21,/KleeGroup-Hosting/TCC/Capital Venture,Microsoft Windows Server 2016 or later (64-bit)
CV-01-30-01-002,192.168.69.22,/KleeGroup-Hosting/TCC/Capital Venture,Microsoft Windows Server 2016 or later (64-bit)
CV-01-30-16-001,192.168.66.73,/KleeGroup-Hosting/TCC/Capital Venture,Red Hat Enterprise Linux 7 (64-bit)
CV-01-31-01-001,192.168.69.23,/KleeGroup-Hosting/TCC/Capital Venture,Microsoft Windows Server 2016 or later (64-bit)
CV-01-31-01-002,192.168.69.24,/KleeGroup-Hosting/TCC/Capital Venture,Microsoft Windows Server 2016 or later (64-bit)
CV-01-31-16-001,192.168.66.74,/KleeGroup-Hosting/TCC/Capital Venture,Red Hat Enterprise Linux 7 (64-bit)
CV-01-32-01-001,192.168.69.25,/KleeGroup-Hosting/TCC/Capital Venture,Microsoft Windows Server 2016 or later (64-bit)
CV-01-32-01-002,192.168.69.26,/KleeGroup-Hosting/TCC/Capital Venture,Microsoft Windows Server 2016 or later (64-bit)
CV-01-32-16-001,192.168.66.75,/KleeGroup-Hosting/TCC/Capital Venture,Red Hat Enterprise Linux 7 (64-bit)
CV-01-33-01-001,192.168.69.28,/KleeGroup-Hosting/TCC/Capital Venture,Microsoft Windows Server 2016 or later (64-bit)
CV-01-33-01-002,192.168.69.29,/KleeGroup-Hosting/TCC/Capital Venture,Microsoft Windows Server 2016 or later (64-bit)
CV-01-33-16-001,192.168.66.76,/KleeGroup-Hosting/TCC/Capital Venture,Red Hat Enterprise Linux 7 (64-bit)
CV-01-34-01-001,192.168.69.30,/KleeGroup-Hosting/TCC/Capital Venture,Microsoft Windows Server 2016 or later (64-bit)
CV-01-34-01-002,192.168.69.31,/KleeGroup-Hosting/TCC/Capital Venture,Microsoft Windows Server 2016 or later (64-bit)
CV-01-34-16-001,192.168.66.77,/KleeGroup-Hosting/TCC/Capital Venture,Red Hat Enterprise Linux 7 (64-bit)
CV-01-35-01-001,192.168.69.32,/KleeGroup-Hosting/TCC/Capital Venture,Microsoft Windows Server 2016 or later (64-bit)
CV-01-35-01-002,192.168.69.33,/KleeGroup-Hosting/TCC/Capital Venture,Microsoft Windows Server 2016 or later (64-bit)
CV-01-35-16-001,192.168.66.78,/KleeGroup-Hosting/TCC/Capital Venture,Red Hat Enterprise Linux 7 (64-bit)
CV-01-36-01-001,192.168.69.35,/KleeGroup-Hosting/TCC/Capital Venture,Microsoft Windows Server 2016 or later (64-bit)
CV-01-36-01-002,192.168.69.36,/KleeGroup-Hosting/TCC/Capital Venture,Microsoft Windows Server 2016 or later (64-bit)
CV-01-36-16-001,192.168.66.79,/KleeGroup-Hosting/TCC/Capital Venture,CentOS 7 (64-bit)
CV-01-37-01-001,192.168.69.37,/KleeGroup-Hosting/TCC/Capital Venture,Microsoft Windows Server 2022 (64-bit)
CV-01-37-16-001,192.168.66.80,/KleeGroup-Hosting/TCC/Capital Venture,Red Hat Enterprise Linux 7 (64-bit)
CV-01-38-01-001,192.168.69.42,/KleeGroup-Hosting/TCC/Capital Venture,Microsoft Windows Server 2022 (64-bit)
CV-01-38-01-002,192.168.69.43,/KleeGroup-Hosting/TCC/Capital Venture,Microsoft Windows Server 2022 (64-bit)
CV-01-38-16-001,192.168.66.89,/KleeGroup-Hosting/TCC/Capital Venture,Red Hat Enterprise Linux 7 (64-bit)
CV-01-39-01-001,192.168.69.44,/KleeGroup-Hosting/TCC/Capital Venture,Microsoft Windows Server 2022 (64-bit)
CV-01-39-01-002,192.168.69.45,/KleeGroup-Hosting/TCC/Capital Venture,Microsoft Windows Server 2022 (64-bit)
CV-01-39-16-001,192.168.66.91,/KleeGroup-Hosting/TCC/Capital Venture,Red Hat Enterprise Linux 7 (64-bit)
CV-01-40-01-001,192.168.69.46,/KleeGroup-Hosting/TCC/Capital Venture,Microsoft Windows Server 2022 (64-bit)
CV-01-40-01-002,192.168.69.47,/KleeGroup-Hosting/TCC/Capital Venture,Microsoft Windows Server 2022 (64-bit)
CV-01-40-16-001,192.168.66.93,/KleeGroup-Hosting/TCC/Capital Venture,Red Hat Enterprise Linux 7 (64-bit)
CV-01-41-01-001,192.168.69.49,/KleeGroup-Hosting/TCC/Capital Venture,Microsoft Windows Server 2022 (64-bit)
CV-01-41-01-002,192.168.69.50,/KleeGroup-Hosting/TCC/Capital Venture,Microsoft Windows Server 2022 (64-bit)
CV-01-41-16-001,192.168.66.95,/KleeGroup-Hosting/TCC/Capital Venture,Red Hat Enterprise Linux 7 (64-bit)
CV-01-42-01-001,192.168.69.53,/KleeGroup-Hosting/TCC/Capital Venture,Microsoft Windows Server 2022 (64-bit)
CV-01-42-01-002,192.168.69.54,/KleeGroup-Hosting/TCC/Capital Venture,Microsoft Windows Server 2022 (64-bit)
CV-01-42-16-001,192.168.66.97,/KleeGroup-Hosting/TCC/Capital Venture,Red Hat Enterprise Linux 7 (64-bit)
CV-01-43-01-001,192.168.69.55,/KleeGroup-Hosting/TCC/Capital Venture,Red Hat Enterprise Linux 7 (64-bit)
CV-01-43-01-002,192.168.69.56,/KleeGroup-Hosting/TCC/Capital Venture,Microsoft Windows Server 2022 (64-bit)
CV-01-44-01-001,192.168.69.57,/KleeGroup-Hosting/TCC/Capital Venture,Red Hat Enterprise Linux 7 (64-bit)
CV-01-44-01-002,192.168.69.58,/KleeGroup-Hosting/TCC/Capital Venture,Microsoft Windows Server 2022 (64-bit)
CV-03-03-01-001,192.168.66.214,/KleeGroup-Hosting/TCC/Capital Venture,Microsoft Windows Server 2012 (64-bit)
CV-03-03-01-002,192.168.66.215,/KleeGroup-Hosting/TCC/Capital Venture,Microsoft Windows Server 2012 (64-bit)
CV-03-10-16-001,192.168.66.82,/KleeGroup-Hosting/TCC/Capital Venture,Red Hat Enterprise Linux 7 (64-bit)
CV-03-15-01-001,192.168.66.196,/KleeGroup-Hosting/TCC/Capital Venture,Microsoft Windows Server 2016 or later (64-bit)
CV-05-00-01-001,192.168.66.195,/KleeGroup-Hosting/TCC/Capital Venture,Microsoft Windows Server 2016 or later (64-bit)
CV-05-00-01-101,192.168.69.27,/KleeGroup-Hosting/TCC/Capital Venture,Microsoft Windows Server 2019 (64-bit)
CV-app-rct,192.168.66.221,/KleeGroup-Hosting/TCC/Capital Venture,Microsoft Windows Server 2012 (64-bit)
CV-BDD-DEMO,192.168.66.110,/KleeGroup-Hosting/TCC/Capital Venture,Red Hat Enterprise Linux 7 (64-bit)
CV-demo-recette,192.168.66.222,/KleeGroup-Hosting/TCC/Capital Venture,Microsoft Windows Server 2012 (64-bit)
CV-KH03-001,192.168.66.233,/KleeGroup-Hosting/TCC/Capital Venture,CentOS 6 (64-bit)
CV-KH03-002,192.168.66.234,/KleeGroup-Hosting/TCC/Capital Venture,CentOS 6 (64-bit)
dapelastic,192.168.127.186,/KleeGroup-Hosting/DC4/Rct01,CentOS 4/5 (64-bit)
dapsso,192.168.127.13,/KleeGroup-Hosting/DC4/Rct01,CentOS 4/5/6/7 (64-bit)
dc4-kh-smartproxy-01,192.168.89.79,/KleeGroup-Hosting/DC4/Kleegroup,CentOS 4/5 (64-bit)
DECA-2MAINS-API1-REC-EXT,172.19.180.100,/KleeGroup-Hosting/DC4/Rct01,Red Hat Enterprise Linux 7 (64-bit)
DECA-2MAINS-API2-REC-EXT,172.19.180.101,/KleeGroup-Hosting/DC4/Rct01,Red Hat Enterprise Linux 7 (64-bit)
DECA-2MAINS-BDD-REC-EXT,172.19.180.103,/KleeGroup-Hosting/DC4/Rct01,Red Hat Enterprise Linux 7 (64-bit)
DECA-2MAINS-BO1-REC-EXT,172.19.180.98,/KleeGroup-Hosting/DC4/Rct01,Red Hat Enterprise Linux 7 (64-bit)
DECA-2MAINS-BO2-REC-EXT,172.19.180.99,/KleeGroup-Hosting/DC4/Rct01,Red Hat Enterprise Linux 7 (64-bit)
DECA-2MAINS-ES-REC-EXT,172.19.180.102,/KleeGroup-Hosting/DC4/Rct01,Red Hat Enterprise Linux 7 (64-bit)
DECA-2MAINS-OPS-REC-EXT,172.19.180.104,/KleeGroup-Hosting/DC4/Rct01,Red Hat Enterprise Linux 7 (64-bit)
demo-dr2-app,192.168.127.48,/KleeGroup-Hosting/DC4/Rct01,Red Hat Enterprise Linux 7 (64-bit)
demo-dr2-bdd,192.168.127.50,/KleeGroup-Hosting/DC4/Rct01,Red Hat Enterprise Linux 7 (64-bit)
demo-dr2-es,192.168.127.49,/KleeGroup-Hosting/DC4/Rct01,Red Hat Enterprise Linux 7 (64-bit)
dev2022-elk,192.168.127.78,/KleeGroup-Hosting/DC4/Rct01,CentOS 7 (64-bit)
dgac-annuaire,192.168.127.163,/KleeGroup-Hosting/DC4/Rct01,Red Hat Enterprise Linux 7 (64-bit)
DGAC-DEMO-RCT,192.168.127.128,/KleeGroup-Hosting/DC4/Rct01,SUSE Linux Enterprise 12 (64-bit)
dgac-dsac,192.168.127.6,/KleeGroup-Hosting/DC4/Rct01,SUSE Linux Enterprise 12 (64-bit)
dgac-mdap,192.168.127.105,/KleeGroup-Hosting/DC4/Rct01,SUSE Linux Enterprise 12 (64-bit)
dgac-qualite,,/KleeGroup-Hosting/DC4/Rct01,SUSE Linux Enterprise 12 (64-bit)
dgac-qualite02,192.168.127.17,/KleeGroup-Hosting/DC4/Rct01,Ubuntu Linux (64-bit)
dgac-taxes,192.168.127.152,/KleeGroup-Hosting/DC4/Rct01,SUSE Linux Enterprise 12 (64-bit)
dgpr-gun-apache,192.168.127.174,/KleeGroup-Hosting/DC4/Rct01/GUN,Debian GNU/Linux 9 (64-bit)
dgpr-gun-appli-ext-env-a,192.168.127.172,/KleeGroup-Hosting/DC4/Rct01/GUN,Other (32-bit)
dgpr-gun-appli-ext-env-b,192.168.127.188,/KleeGroup-Hosting/DC4/Rct01/GUN,Debian GNU/Linux 10 (64-bit)
dgpr-gun-appli-ext-env-c,192.168.127.89,/KleeGroup-Hosting/DC4/Rct01/GUN,Debian GNU/Linux 9 (64-bit)
dgpr-gun-appli-ext-env-d,192.168.127.123,/KleeGroup-Hosting/DC4/Rct01/GUN,Other (32-bit)
dgpr-gun-appli-ext-env-f,192.168.127.86,/KleeGroup-Hosting/DC4/Rct01/GUN,Debian GNU/Linux 9 (64-bit)
dgpr-gun-bdd-ext-env-a,192.168.127.173,/KleeGroup-Hosting/DC4/Rct01/GUN,Debian GNU/Linux 9 (64-bit)
dgpr-gun-bdd-ext-env-b,192.168.127.101,/KleeGroup-Hosting/DC4/Rct01/GUN,Other (32-bit)
dgpr-gun-bdd-ext-env-c,192.168.127.133,/KleeGroup-Hosting/DC4/Rct01/GUN,Other (32-bit)
dgpr-gun-bdd-ext-env-d,192.168.127.134,/KleeGroup-Hosting/DC4/Rct01/GUN,Other (32-bit)
dgpr-gun-bdd-ext-env-f,192.168.127.87,/KleeGroup-Hosting/DC4/Rct01/GUN,Debian GNU/Linux 11 (64-bit)
dgpr-gun-elastic-ext-env-d,192.168.127.92,/KleeGroup-Hosting/DC4/Rct01/GUN,Debian GNU/Linux 11 (64-bit)
dgpr-gun-form-maenv,192.168.127.195,/KleeGroup-Hosting/DC4/Rct01,Other (32-bit)
dgpr-gun-nfs-wso2-ext,192.168.127.88,/KleeGroup-Hosting/DC4/Rct01/GUN,Debian GNU/Linux 9 (64-bit)
dgt-app,172.19.180.2,/KleeGroup-Hosting/DC4/DGT,Red Hat Enterprise Linux 7 (64-bit)
dgt-bdd,172.19.180.3,/KleeGroup-Hosting/DC4/DGT,CentOS 6 (64-bit)
dgt-es,172.19.180.4,/KleeGroup-Hosting/DC4/DGT,Red Hat Enterprise Linux 7 (64-bit)
dgt-zonage,172.19.180.5,/KleeGroup-Hosting/DC4/DGT,Microsoft Windows Server 2012 (64-bit)
dgt-zonage-bdd,172.19.180.6,/KleeGroup-Hosting/DC4/DGT,Red Hat Enterprise Linux 7 (64-bit)
dhup-cotation-rct,192.168.127.226,/KleeGroup-Hosting/DC4/Rct01,Red Hat Enterprise Linux 7 (64-bit)
dondesang-RCT,192.168.127.209,/KleeGroup-Hosting/DC4/Rct01,Other (32-bit)
EFP_ADM,192.168.127.251,/KleeGroup-Hosting/DC4/Rct01,Red Hat Enterprise Linux 7 (64-bit)
EFP_APP1,192.168.127.248,/KleeGroup-Hosting/DC4/Rct01,Red Hat Enterprise Linux 7 (64-bit)
EFP_APP2,192.168.127.250,/KleeGroup-Hosting/DC4/Rct01,Red Hat Enterprise Linux 7 (64-bit)
EFP_BDD1,192.168.127.224,/KleeGroup-Hosting/DC4/Rct01,Red Hat Enterprise Linux 7 (64-bit)
EFP_BDD2,192.168.127.225,/KleeGroup-Hosting/DC4/Rct01,Red Hat Enterprise Linux 7 (64-bit)
EFP_CAS1,192.168.127.221,/KleeGroup-Hosting/DC4/Rct01,Red Hat Enterprise Linux 7 (64-bit)
EFP_CAS2,192.168.127.222,/KleeGroup-Hosting/DC4/Rct01,Red Hat Enterprise Linux 7 (64-bit)
EFP_efpconnect-recette_APP,192.168.127.104,/KleeGroup-Hosting/DC4/Rct01,Red Hat Enterprise Linux 7 (64-bit)
EFP_efpconnect-recette_BDD,192.168.127.144,/KleeGroup-Hosting/DC4/Rct01,Red Hat Enterprise Linux 7 (64-bit)
EFP_efpconnect-recette_CAS,192.168.127.136,/KleeGroup-Hosting/DC4/Rct01,Red Hat Enterprise Linux 7 (64-bit)
EFP_efpconnect-recette_ES,192.168.127.164,/KleeGroup-Hosting/DC4/Rct01,Red Hat Enterprise Linux 7 (64-bit)
EFP_ES,192.168.127.215,/KleeGroup-Hosting/DC4/Rct01,Red Hat Enterprise Linux 7 (64-bit)
EFP_LDAP1,192.168.127.227,/KleeGroup-Hosting/DC4/Rct01,Red Hat Enterprise Linux 7 (64-bit)
EFP_LDAP2,192.168.127.228,/KleeGroup-Hosting/DC4/Rct01,Red Hat Enterprise Linux 7 (64-bit)
EFP_WEB,192.168.127.220,/KleeGroup-Hosting/DC4/Rct01,Red Hat Enterprise Linux 7 (64-bit)
Extranet,192.168.180.142,/KleeGroup-Hosting/DC4/Kleegroup,Ubuntu Linux (32-bit)
formapro-app-ext,192.168.127.175,/KleeGroup-Hosting/DC4/Rct01,Debian GNU/Linux 10 (64-bit)
formapro-bdd-ext,192.168.127.176,/KleeGroup-Hosting/DC4/Rct01,Debian GNU/Linux 10 (64-bit)
formapro-es-ext,192.168.127.177,/KleeGroup-Hosting/DC4/Rct01,Debian GNU/Linux 10 (64-bit)
guichet-unique-runners,172.19.180.20,/KleeGroup-Hosting/DC4/Rct01,Other (32-bit)
gun-delivery-tracker-rct,192.168.127.7,/KleeGroup-Hosting/DC4/Rct01,Red Hat Enterprise Linux 7 (64-bit)
hatvp-test-atlas-back,192.168.127.235,/KleeGroup-Hosting/DC4/Rct01,Other (32-bit)
hatvp-test-atlas-middle,192.168.127.232,/KleeGroup-Hosting/DC4/Rct01,Other (32-bit)
HATVP-TEST-BACK-1,192.168.127.204,/KleeGroup-Hosting/DC4/Rct01,Other (32-bit)
HATVP-TEST-MIDDLE-1,192.168.127.201,/KleeGroup-Hosting/DC4/Rct01,Other (32-bit)
HATVP-TEST-MIDDLE-2,192.168.127.202,/KleeGroup-Hosting/DC4/Rct01,Debian GNU/Linux 11 (64-bit)
HATVP-TEST-MIDDLE-3,192.168.127.203,/KleeGroup-Hosting/DC4/Rct01,Debian GNU/Linux 11 (64-bit)
IGNPRO,192.168.127.21,/KleeGroup-Hosting/DC4/Rct01,CentOS 4/5 (64-bit)
Isis-BDD,192.168.127.252,/KleeGroup-Hosting/DC4/Rct01,Red Hat Enterprise Linux 6 (64-bit)
Isis-Front,192.168.127.253,/KleeGroup-Hosting/DC4/Rct01,CentOS 4/5 (64-bit)
IT-BO-6LOG-001,192.168.89.80,/KleeGroup-Hosting/DC4/Management,CentOS 6 (64-bit)
IT-BO-DNS-001,192.168.89.81,/KleeGroup-Hosting/DC4/Management,CentOS 6 (64-bit)
IT-BO-RDS-001,192.168.89.60,/KleeGroup-Hosting/DC4/Management,CentOS 6 (64-bit)
IT-BO-WEBSTATS-01,192.168.180.160,/KleeGroup-Hosting/DC4/Management,CentOS 4/5 (64-bit)
IT-DT4-RUD-WEB-01,,/KleeGroup-Hosting/DC4/Management,CentOS 4/5 (64-bit)
IT-DT4-Tools-001,192.168.89.99,/KleeGroup-Hosting/DC4/Management,CentOS 4/5 (64-bit)
IT-GL-ELS-01,192.168.81.108,/KleeGroup-Hosting/DC4/Management,CentOS 4/5/6 (64-bit)
IT-GL-ELS-02,192.168.81.107,/KleeGroup-Hosting/DC4/Management,CentOS 4/5/6 (64-bit)
IT-GL-ELS-03,192.168.81.106,/KleeGroup-Hosting/DC4/Management,CentOS 4/5/6 (64-bit)
IT-GL-WEB-01,192.168.81.109,/KleeGroup-Hosting/DC4/Management,CentOS 4/5/6 (64-bit)
IT-GL-WEB-02,192.168.81.110,/KleeGroup-Hosting/DC4/Management,CentOS 4/5/6 (64-bit)
IT-RB-6LOG-001,,/KleeGroup-Hosting/TCC/Management,Red Hat Enterprise Linux 6 (64-bit)
IT-RB-CAM-01,192.168.81.240,/KleeGroup-Hosting/TCC/Management,Microsoft Windows Server 2012 (64-bit)
IT-RB-DNS-001,,/KleeGroup-Hosting/TCC/Management,Red Hat Enterprise Linux 6 (64-bit)
IT-RB-OBS-001,,/KleeGroup-Hosting/TCC/Management,Red Hat Enterprise Linux 6 (64-bit)
IT-RB-RDS-001,,/KleeGroup-Hosting/TCC/Management,Red Hat Enterprise Linux 6 (64-bit)
IT-RB-SPLA-KMS,192.168.89.240,/KleeGroup-Hosting/TCC/Management,Microsoft Windows Server 2012 (64-bit)
IT-RB-TOOLS-01,192.168.89.193,/KleeGroup-Hosting/TCC/Management,Red Hat Enterprise Linux 7 (64-bit)
IT-TCG-NXL-01,192.168.89.189,/KleeGroup-Hosting/TCC/Management,CentOS 4/5/6 (64-bit)
IT-TCG-NXL-01,192.168.81.228,/KleeGroup-Hosting/TCC/Management,CentOS 4/5/6 (64-bit)
jira-minint,192.168.127.182,/KleeGroup-Hosting/DC4/Rct01,Debian GNU/Linux 10 (64-bit)
jira-santefr,,/KleeGroup-Hosting/DC4/Rct01,Ubuntu Linux (64-bit)
justice-isis-app2,,/KleeGroup-Hosting/DC4/Rct01,Red Hat Enterprise Linux 7 (64-bit)
justice-isis-sso,192.168.127.137,/KleeGroup-Hosting/DC4/Rct01,Red Hat Enterprise Linux 7 (64-bit)
kh05,,/KleeGroup-Hosting/TCC/Mutualise,CentOS 4/5 (64-bit)
kh06,192.168.43.199,/KleeGroup-Hosting/TCC/Mutualise,CentOS 7 (64-bit)
kh-gitlab,192.168.43.210,/KleeGroup-Hosting/TCC/Kleegroup,CentOS 7 (64-bit)
KH-STATION,192.168.140.200,/KleeGroup-Hosting/DC4/Kleegroup,Microsoft Windows XP Professional (32-bit)
KLEE-APP,,/KleeGroup-Hosting/DC4/Kleegroup,Other 2.4.x Linux (32-bit)
kleedigital-rct01,192.168.127.149,/KleeGroup-Hosting/DC4/Rct01,CentOS 6 (64-bit)
luna-ext,192.168.127.159,/KleeGroup-Hosting/DC4/Rct01,Red Hat Enterprise Linux 7 (64-bit)
mars-demo,192.168.127.59,/KleeGroup-Hosting/DC4/Mars,CentOS 7 (64-bit)
minerve,192.168.127.82,/KleeGroup-Hosting/DC4/Rct01,Debian GNU/Linux 10 (64-bit)
Mx3,,/KleeGroup-Hosting/DC4/Kleegroup,Other Linux (32-bit)
Mx4,192.168.139.34,/KleeGroup-Hosting/DC4/Kleegroup,CentOS 4/5/6 (32-bit)
Mysql002,,/KleeGroup-Hosting/TCC/Mutualise,Other Linux (32-bit)
mysql003,,/KleeGroup-Hosting/TCC/Mutualise,CentOS 4/5 (64-bit)
Mysql005,192.168.51.99,/KleeGroup-Hosting/TCC/Mutualise,CentOS 4/5 (64-bit)
NS1.KLEEGROUP.COM,192.168.139.8,/KleeGroup-Hosting/DC4/Kleegroup,CentOS 4/5/6 (32-bit)
ns2,192.168.43.237,/KleeGroup-Hosting/TCC/Mutualise,CentOS 4/5/6 (32-bit)
oaw-recette,192.168.127.34,/KleeGroup-Hosting/DC4/Rct01,Ubuntu Linux (64-bit)
oreon-002-BOU,,/KleeGroup-Hosting/DC4/Mutualise,Other Linux (32-bit)
oreon-002-RB,,/KleeGroup-Hosting/TCC/Management,Other Linux (32-bit)
periscope-app,172.19.180.45,/KleeGroup-Hosting/DC4/Rct01,Other (32-bit)
periscope-es,172.19.180.46,/KleeGroup-Hosting/DC4/Rct01,Debian GNU/Linux 11 (64-bit)
poft-serv,192.168.127.22,/KleeGroup-Hosting/DC4/Rct01,Other (32-bit)
rct-gael-app,192.168.127.112,/KleeGroup-Hosting/DC4/Rct01,Debian GNU/Linux 10 (64-bit)
rct-gael-bdd,192.168.127.113,/KleeGroup-Hosting/DC4/Rct01,Microsoft Windows Server 2019 (64-bit)
Rct-Reacteur-APP,172.19.180.42,/KleeGroup-Hosting/DC4/Reacteur,Debian GNU/Linux 11 (64-bit)
Rct-Reacteur-BDD,172.19.180.44,/KleeGroup-Hosting/DC4/Reacteur,Debian GNU/Linux 11 (64-bit)
Rct-Reacteur-SEARCH,172.19.180.43,/KleeGroup-Hosting/DC4/Reacteur,Debian GNU/Linux 11 (64-bit)
rdvpref-demo,192.168.127.178,/KleeGroup-Hosting/DC4/Rct01,Other (32-bit)
REACTEUR-RCT-ADMIN,172.19.180.83,/KleeGroup-Hosting/DC4/Reacteur,Red Hat Enterprise Linux 7 (64-bit)
REACTEUR-RCT-BDD,172.19.180.85,/KleeGroup-Hosting/DC4/Reacteur,Red Hat Enterprise Linux 7 (64-bit)
REACTEUR-RCT-CONSULT,172.19.180.84,/KleeGroup-Hosting/DC4/Reacteur,Red Hat Enterprise Linux 7 (64-bit)
REACTEUR-RCT-ES1,172.19.180.87,/KleeGroup-Hosting/DC4/Reacteur,Red Hat Enterprise Linux 7 (64-bit)
REACTEUR-RCT-ES2,172.19.180.88,/KleeGroup-Hosting/DC4/Reacteur,Red Hat Enterprise Linux 7 (64-bit)
REACTEUR-RCT-ES3,172.19.180.89,/KleeGroup-Hosting/DC4/Reacteur,Red Hat Enterprise Linux 7 (64-bit)
REACTEUR-RCT-EXT-WEB,172.19.180.82,/KleeGroup-Hosting/DC4/Reacteur,Red Hat Enterprise Linux 7 (64-bit)
REACTEUR-RCT-GRA-MGR,172.19.180.91,/KleeGroup-Hosting/DC4/Reacteur,Red Hat Enterprise Linux 7 (64-bit)
REACTEUR-RCT-GRA-PUB,172.19.180.90,/KleeGroup-Hosting/DC4/Reacteur,Red Hat Enterprise Linux 7 (64-bit)
REACTEUR-RCT-GRA-STO,172.19.180.92,/KleeGroup-Hosting/DC4/Reacteur,Red Hat Enterprise Linux 7 (64-bit)
REACTEUR-RCT-MQ,172.19.180.86,/KleeGroup-Hosting/DC4/Reacteur,Red Hat Enterprise Linux 7 (64-bit)
rec-extramut,192.168.127.35,/KleeGroup-Hosting/DC4/Rct01,Other (32-bit)
sandbox-devops,192.168.127.132,/KleeGroup-Hosting/DC4/Rct01,Debian GNU/Linux 10 (64-bit)
si-alternance.rct01,192.168.127.40,/KleeGroup-Hosting/DC4/Rct01,CentOS 4/5/6 (64-bit)
sia-refonte-api-rec-ext,172.19.180.27,/KleeGroup-Hosting/DC4/Rct01,Red Hat Enterprise Linux 7 (64-bit)
sia-refonte-app-rec-ext,172.19.180.26,/KleeGroup-Hosting/DC4/Rct01,Red Hat Enterprise Linux 7 (64-bit)
sia-refonte-batch-asp-prod,192.168.127.249,/KleeGroup-Hosting/DC4/Rct01,Red Hat Enterprise Linux 7 (64-bit)
sia-refonte-bdd-rec-ext,172.19.180.28,/KleeGroup-Hosting/DC4/Rct01,CentOS 6 (64-bit)
SIE2-BDD1-EXT,,/KleeGroup-Hosting/DC4/Rct01,Red Hat Enterprise Linux 7 (64-bit)
SIE2-BDD2-EXT,,/KleeGroup-Hosting/DC4/Rct01,Red Hat Enterprise Linux 7 (64-bit)
SIE2-JIRA-EXT,,/KleeGroup-Hosting/DC4/Rct01,Red Hat Enterprise Linux 7 (64-bit)
sie2-tableau2,,/KleeGroup-Hosting/DC4/Rct01,
SIE2-TOMCAT1-EXT,,/KleeGroup-Hosting/DC4/Rct01,CentOS 7 (64-bit)
SIE2-TOMCAT2-EXT,,/KleeGroup-Hosting/DC4/Rct01,Red Hat Enterprise Linux 7 (64-bit)
sigdca-app,192.168.127.67,/KleeGroup-Hosting/DC4/Rct01,CentOS 4/5 (64-bit)
sigdca-bdd,192.168.127.68,/KleeGroup-Hosting/DC4/Rct01,CentOS 4/5 (64-bit)
sigdca-ext-app2,192.168.127.2,/KleeGroup-Hosting/DC4/Rct01,Red Hat Enterprise Linux 7 (64-bit)
sigdca-ext-app3,192.168.127.3,/KleeGroup-Hosting/DC4/Rct01,Red Hat Enterprise Linux 7 (64-bit)
sigdca-ext-app4,192.168.127.109,/KleeGroup-Hosting/DC4/Rct01,Debian GNU/Linux 11 (64-bit)
sigdca-ext-bdd2,192.168.127.4,/KleeGroup-Hosting/DC4/Rct01,Red Hat Enterprise Linux 7 (64-bit)
sigdca-ext-bdd3,192.168.127.5,/KleeGroup-Hosting/DC4/Rct01,Red Hat Enterprise Linux 7 (64-bit)
sigdca-ext-bdd4,192.168.127.110,/KleeGroup-Hosting/DC4/Rct01,Other (32-bit)
SIGDCA-GEOSERVER-BDD,192.168.127.117,/KleeGroup-Hosting/DC4/Rct01,Red Hat Enterprise Linux 7 (64-bit)
SIGDCA-PREPROD,,/KleeGroup-Hosting/DC4/Rct01,Red Hat Enterprise Linux 7 (64-bit)
si-jeunesse-back,192.168.127.205,/KleeGroup-Hosting/DC4/Rct01,Red Hat Enterprise Linux 7 (64-bit)
si-jeunesse-bdd,192.168.127.207,/KleeGroup-Hosting/DC4/Rct01,Red Hat Enterprise Linux 7 (64-bit)
si-jeunesse-front,192.168.127.223,/KleeGroup-Hosting/DC4/Rct01,Red Hat Enterprise Linux 7 (64-bit)
sondages.kleegroup,192.168.127.57,/KleeGroup-Hosting/DC4/Rct01,CentOS 4/5/6 (32-bit)
spark-app,172.19.180.70,/KleeGroup-Hosting/DC4/Spark,Red Hat Enterprise Linux 7 (64-bit)
spark-bdd,172.19.180.75,/KleeGroup-Hosting/DC4/Spark,Red Hat Enterprise Linux 7 (64-bit)
spark-demo-front,172.19.180.69,/KleeGroup-Hosting/DC4/Spark,Red Hat Enterprise Linux 7 (64-bit)
spark-eldorado-paramapp1,172.19.180.66,/KleeGroup-Hosting/DC4/Spark,Red Hat Enterprise Linux 7 (64-bit)
spark-eldorado-paramapp2,172.19.180.67,/KleeGroup-Hosting/DC4/Spark,Red Hat Enterprise Linux 7 (64-bit)
spark-eldorado-parambdd,172.19.180.68,/KleeGroup-Hosting/DC4/Spark,Red Hat Enterprise Linux 7 (64-bit)
spark-hcl-e-param,192.168.127.192,/KleeGroup-Hosting/DC4/Rct01,Red Hat Enterprise Linux 7 (64-bit)
spark-hcl-e-parambdd,192.168.127.193,/KleeGroup-Hosting/DC4/Rct01,Red Hat Enterprise Linux 7 (64-bit)
spark-liege-param,192.168.127.153,/KleeGroup-Hosting/DC4/Rct01,Red Hat Enterprise Linux 7 (64-bit)
spark-liege-parambdd,192.168.127.154,/KleeGroup-Hosting/DC4/Rct01,Red Hat Enterprise Linux 7 (64-bit)
spark-maintenance-recette,192.168.127.135,/KleeGroup-Hosting/DC4/Rct01,CentOS 6 (64-bit)
spark-nfs,172.19.180.74,/KleeGroup-Hosting/DC4/Spark,Red Hat Enterprise Linux 7 (64-bit)
spark-rmq,172.19.180.71,/KleeGroup-Hosting/DC4/Spark,Red Hat Enterprise Linux 7 (64-bit)
spark-search,172.19.180.72,/KleeGroup-Hosting/DC4/Spark,Red Hat Enterprise Linux 7 (64-bit)
spark-store,172.19.180.73,/KleeGroup-Hosting/DC4/Spark,Red Hat Enterprise Linux 7 (64-bit)
spark-total-app-rct,192.168.127.141,/KleeGroup-Hosting/DC4/Rct01,Red Hat Enterprise Linux 7 (64-bit)
spark-total-bdd,192.168.127.142,/KleeGroup-Hosting/DC4/Rct01,Red Hat Enterprise Linux 7 (64-bit)
SparkWeb,192.168.127.191,/KleeGroup-Hosting/DC4/Rct01,CentOS 6 (64-bit)
squashtest,192.168.127.168,/KleeGroup-Hosting/DC4/Rct01,CentOS 4/5/6/7 (64-bit)
suit-apache,192.168.127.62,/KleeGroup-Hosting/DC4/Rct01,Red Hat Enterprise Linux 7 (64-bit)
suit-app-1,192.168.127.63,/KleeGroup-Hosting/DC4/Rct01,Red Hat Enterprise Linux 7 (64-bit)
suit-app-2,192.168.127.64,/KleeGroup-Hosting/DC4/Rct01,Red Hat Enterprise Linux 7 (64-bit)
suit-batch,192.168.127.74,/KleeGroup-Hosting/DC4/Rct01,Red Hat Enterprise Linux 7 (64-bit)
suit-be,DOWN,/KleeGroup-Hosting/DC4/Rct01,Red Hat Enterprise Linux 7 (64-bit)
suit-ldap,192.168.127.69,/KleeGroup-Hosting/DC4/Rct01,Red Hat Enterprise Linux 7 (64-bit)
suit-matomo,192.168.127.60,/KleeGroup-Hosting/DC4/Rct01,Red Hat Enterprise Linux 7 (64-bit)
suit-nas,192.168.127.76,/KleeGroup-Hosting/DC4/Rct01,Red Hat Enterprise Linux 7 (64-bit)
suit-office,192.168.127.72,/KleeGroup-Hosting/DC4/Rct01,Red Hat Enterprise Linux 7 (64-bit)
suit-persist,192.168.127.65,/KleeGroup-Hosting/DC4/Rct01,Red Hat Enterprise Linux 7 (64-bit)
suit-search,192.168.127.66,/KleeGroup-Hosting/DC4/Rct01,Red Hat Enterprise Linux 7 (64-bit)
Test-Hot-Snap,192.168.180.42,/KleeGroup-Hosting/DC4/TEST,CentOS 4/5 (64-bit)
test-resto,192.168.127.90,/KleeGroup-Hosting/DC4/Rct01,Red Hat Enterprise Linux 7 (64-bit)
VM-01-00-02-001,172.20.200.134,/KleeGroup-Hosting/TCC/Kleegroup,CentOS 4/5/6 (64-bit)
VM-01-00-16-001,172.20.200.34,/KleeGroup-Hosting/TCC/Kleegroup,Microsoft Windows Server 2012 (64-bit)
VM-01-05-01-601,172.17.5.90,/KleeGroup-Hosting/TCC/DGEFP-FSE,Debian GNU/Linux 10 (64-bit)
VM-01-05-01-602,172.17.5.91,/KleeGroup-Hosting/TCC/DGEFP-FSE,Debian GNU/Linux 10 (64-bit)
VM-01-05-01-701,172.17.5.207,/KleeGroup-Hosting/DC4/DGEFP-FSE,Debian GNU/Linux 10 (64-bit)
VM-01-05-16-601,172.17.5.25,/KleeGroup-Hosting/TCC/DGEFP-FSE,Debian GNU/Linux 10 (64-bit)
VM-01-05-16-701,172.17.5.242,/KleeGroup-Hosting/DC4/DGEFP-FSE,Debian GNU/Linux 10 (64-bit)
VM-01-08-02-101,192.168.179.86,/KleeGroup-Hosting/TCC/FFSA,Debian GNU/Linux 11 (64-bit)
VM-01-08-02-102,192.168.179.87,/KleeGroup-Hosting/TCC/FFSA,Other (32-bit)
VM-01-08-16-101,192.168.179.69,/KleeGroup-Hosting/TCC/FFSA,Debian GNU/Linux 11 (64-bit)
VM-01-09-02-101,172.17.19.206,/KleeGroup-Hosting/DC4/FNMF,Debian GNU/Linux 11 (64-bit)
VM-01-09-02-102,172.17.19.207,/KleeGroup-Hosting/DC4/FNMF,Other (32-bit)
VM-01-09-07-101,172.17.19.209,/KleeGroup-Hosting/DC4/FNMF,Other (32-bit)
VM-01-09-16-101,172.17.19.155,/KleeGroup-Hosting/DC4/FNMF,Debian GNU/Linux 11 (64-bit)
VM-01-09-77-001,172.17.19.75,/KleeGroup-Hosting/TCC/FNMF,Red Hat Enterprise Linux 6 (64-bit)
VM-01-13-01-006,172.17.12.235,/KleeGroup-Hosting/TCC/France Active,Red Hat Enterprise Linux 5 (32-bit)
VM-01-13-01-007,172.17.12.236,/KleeGroup-Hosting/TCC/France Active,Red Hat Enterprise Linux 5 (32-bit)
VM-01-13-01-008,172.17.12.237,/KleeGroup-Hosting/TCC/France Active,Microsoft Windows Server 2003 Standard (32-bit)
VM-01-13-01-014,172.17.12.240,/KleeGroup-Hosting/TCC/France Active,Microsoft Windows Server 2008 (32-bit)
VM-01-13-01-030,172.17.12.250,/KleeGroup-Hosting/TCC/France Active,Other (64-bit)
VM-01-13-16-007,172.17.12.118,/KleeGroup-Hosting/TCC/France Active,Microsoft Windows Server 2003 (32-bit)
VM-01-13-16-008,172.17.13.116,/KleeGroup-Hosting/DC4/France Active,Microsoft Windows Server 2003 (32-bit)
VM-01-13-16-030,172.17.12.123,/KleeGroup-Hosting/TCC/France Active,Other (64-bit)
VM-01-13-77-101,172.17.12.105,/KleeGroup-Hosting/TCC/France Active,Microsoft Windows Server 2012 (64-bit)
VM-01-13-77-102,172.17.12.106,/KleeGroup-Hosting/TCC/France Active,Microsoft Windows Server 2012 (64-bit)
VM-01-13-77-103,172.17.13.107,/KleeGroup-Hosting/DC4/France Active,Microsoft Windows Server 2012 (64-bit)
VM-01-15-01-001,172.17.15.10,/KleeGroup-Hosting/TCC/ADN,Debian GNU/Linux 10 (64-bit)
VM-01-17-01-101,172.17.113.206,/KleeGroup-Hosting/DC4/FPLP/EPM124/Prod,Microsoft Windows Server 2012 (64-bit)
VM-01-17-01-102,172.17.113.207,/KleeGroup-Hosting/DC4/FPLP/EPM124/Prod,Microsoft Windows Server 2012 (64-bit)
VM-01-17-16-101,172.17.113.151,/KleeGroup-Hosting/DC4/FPLP/EPM124/Prod,Microsoft Windows Server 2012 (64-bit)
VM-01-17-20-101,172.17.113.211,/KleeGroup-Hosting/DC4/FPLP/EPM124/Prod,Microsoft Windows Server 2012 (64-bit)
VM-01-17-22-101,172.17.113.208,/KleeGroup-Hosting/DC4/FPLP/EPM124/Prod,Microsoft Windows Server 2012 (64-bit)
VM-01-17-22-102,172.17.113.209,/KleeGroup-Hosting/DC4/FPLP/EPM124/Prod,Microsoft Windows Server 2012 (64-bit)
VM-01-17-77-003,172.17.113.195,/KleeGroup-Hosting/DC4/FPLP/EPM121/Archive,Microsoft Windows Server 2008 R2 (64-bit)
VM-01-17-77-101,172.17.113.216,/KleeGroup-Hosting/DC4/FPLP/EPM124/Prod,Microsoft Windows Server 2012 (64-bit)
VM-01-17-77-102,172.17.113.87,/KleeGroup-Hosting/TCC/FPLP/EPM124,Microsoft Windows Server 2012 (64-bit)
VM-01-17-78-101,172.17.113.198,/KleeGroup-Hosting/DC4/FPLP/EPM124/Prod,Microsoft Windows Server 2012 (64-bit)
VM-01-22-01-001,172.17.22.70,/KleeGroup-Hosting/DC4/BG,Microsoft Windows Server 2016 or later (64-bit)
VM-01-22-01-002,172.17.22.71,/KleeGroup-Hosting/DC4/BG,Microsoft Windows Server 2016 or later (64-bit)
VM-01-22-01-003,172.17.22.76,/KleeGroup-Hosting/DC4/BG,Microsoft Windows Server 2016 or later (64-bit)
VM-01-22-01-004,172.17.22.77,/KleeGroup-Hosting/DC4/BG,Microsoft Windows Server 2016 or later (64-bit)
VM-01-22-01-005,172.17.22.78,/KleeGroup-Hosting/DC4/BG,Microsoft Windows Server 2016 or later (64-bit)
VM-01-22-01-006,172.17.22.79,/KleeGroup-Hosting/DC4/BG,Microsoft Windows Server 2016 or later (64-bit)
VM-01-22-01-010,172.17.22.92,/KleeGroup-Hosting/DC4/BG,Other 2.6.x Linux (32-bit)
VM-01-22-01-101,172.17.22.74,/KleeGroup-Hosting/DC4/BG,Microsoft Windows Server 2016 or later (64-bit)
VM-01-22-01-102,172.17.22.75,/KleeGroup-Hosting/DC4/BG,Microsoft Windows Server 2016 or later (64-bit)
VM-01-22-02-001,172.17.22.80,/KleeGroup-Hosting/DC4/BG,Microsoft Windows Server 2016 or later (64-bit)
VM-01-22-02-003,172.17.22.82,/KleeGroup-Hosting/DC4/BG,Microsoft Windows Server 2016 or later (64-bit)
VM-01-22-16-001,172.17.22.22,/KleeGroup-Hosting/DC4/BG,Microsoft Windows Server 2016 or later (64-bit)
VM-01-22-16-002,172.17.22.23,/KleeGroup-Hosting/DC4/BG,Microsoft Windows Server 2016 or later (64-bit)
VM-01-22-77-001,172.17.22.20,/KleeGroup-Hosting/DC4/BG,Microsoft Windows Server 2016 or later (64-bit)
VM-01-22-77-002,172.17.22.148,/KleeGroup-Hosting/TCC/BG,Microsoft Windows Server 2016 or later (64-bit)
VM-01-22-ADC-001,172.17.22.89,/KleeGroup-Hosting/DC4/BG,Microsoft Windows Server 2016 or later (64-bit)
VM-01-22-DIM-001,172.17.22.59,/KleeGroup-Hosting/DC4/BG,Ubuntu Linux (64-bit)
VM-01-22-MIG-001,172.17.22.85,/KleeGroup-Hosting/DC4/BG,Microsoft Windows 10 (64-bit)
VM-01-22-PULSE-001,172.17.22.90,/KleeGroup-Hosting/DC4/BG,Other 2.6.x Linux (64-bit)
VM-01-22-PULSE-001-TEST-SEC,,/KleeGroup-Hosting/DC4/BG,
VM-01-22-RDS-001,172.17.22.21,/KleeGroup-Hosting/DC4/BG,Microsoft Windows Server 2016 or later (64-bit)
VM-01-22-RDS-002,172.17.22.149,/KleeGroup-Hosting/TCC/BG,Microsoft Windows Server 2016 or later (64-bit)
VM-01-22-WSUS-001,172.17.22.93,/KleeGroup-Hosting/DC4/BG,Microsoft Windows Server 2016 or later (64-bit)
VM-01-24-01-001,172.17.24.70,/KleeGroup-Hosting/DC4/AGEFICE,CentOS 7 (64-bit)
VM-01-24-01-002,172.17.24.71,/KleeGroup-Hosting/DC4/AGEFICE,CentOS 7 (64-bit)
VM-01-24-01-003,172.17.24.74,/KleeGroup-Hosting/DC4/AGEFICE,CentOS 7 (64-bit)
VM-01-24-01-004,172.17.24.75,/KleeGroup-Hosting/DC4/AGEFICE,CentOS 7 (64-bit)
VM-01-24-01-101,172.17.24.72,/KleeGroup-Hosting/DC4/AGEFICE,CentOS 4/5 (64-bit)
VM-01-24-02-001,172.17.24.76,/KleeGroup-Hosting/DC4/AGEFICE,Red Hat Enterprise Linux 7 (64-bit)
VM-01-24-10-001,172.17.24.77,/KleeGroup-Hosting/DC4/AGEFICE,Microsoft Windows Server 2022 (64-bit)
VM-01-24-16-001,172.17.24.19,/KleeGroup-Hosting/DC4/AGEFICE,CentOS 6 (64-bit)
VM-01-24-16-002,172.17.24.20,/KleeGroup-Hosting/DC4/AGEFICE,CentOS 6 (64-bit)
VM-01-24-16-101,172.17.24.23,/KleeGroup-Hosting/DC4/AGEFICE,Other (32-bit)
VM-01-24-17-001,172.17.24.73,/KleeGroup-Hosting/DC4/AGEFICE,CentOS 4/5 (64-bit)
VM-01-24-61-001,172.17.24.22,/KleeGroup-Hosting/DC4/AGEFICE,Debian GNU/Linux 10 (64-bit)
VM-01-24-87-001,172.17.24.21,/KleeGroup-Hosting/DC4/AGEFICE,Debian GNU/Linux 10 (64-bit)
VM-01-29-01-001,172.17.29.80,/KleeGroup-Hosting/DC4/ALLIANZ/Prod,Red Hat Enterprise Linux 7 (64-bit)
VM-01-29-02-001,172.17.29.81,/KleeGroup-Hosting/DC4/ALLIANZ/Prod,Red Hat Enterprise Linux 7 (64-bit)
VM-01-29-02-002,172.17.29.83,/KleeGroup-Hosting/DC4/ALLIANZ/Prod,Red Hat Enterprise Linux 7 (64-bit)
VM-01-29-12-001,172.17.29.84,/KleeGroup-Hosting/DC4/ALLIANZ/Prod,Red Hat Enterprise Linux 7 (64-bit)
VM-01-29-16-001,172.17.29.29,/KleeGroup-Hosting/DC4/ALLIANZ/Prod,CentOS 7 (64-bit)
VM-01-29-17-001,172.17.29.82,/KleeGroup-Hosting/DC4/ALLIANZ/Prod,Red Hat Enterprise Linux 7 (64-bit)
VM-01-30-01-001,192.168.114.171,/KleeGroup-Hosting/TCC/Publisoft,Microsoft Windows Server 2012 (64-bit)
VM-01-30-16-004,192.168.114.75,/KleeGroup-Hosting/TCC/Publisoft,Microsoft Windows Server 2012 (64-bit)
VM-01-30-16-005,192.168.114.76,/KleeGroup-Hosting/TCC/Publisoft,Microsoft Windows Server 2022 (64-bit)
VM-01-30-77-001,192.168.114.121,/KleeGroup-Hosting/TCC/Publisoft,Microsoft Windows Server 2012 (64-bit)
VM-01-30-77-002,192.168.124.121,/KleeGroup-Hosting/DC4/Publisoft,Microsoft Windows Server 2012 (64-bit)
VM-01-30-78-001,192.168.114.180,/KleeGroup-Hosting/TCC/Publisoft,Microsoft Windows Server 2012 (64-bit)
VM-01-30-78-100,192.168.114.163,/KleeGroup-Hosting/TCC/Publisoft,Microsoft Windows Server 2012 (64-bit)
VM-01-30-78-101,192.168.114.162,/KleeGroup-Hosting/TCC/Publisoft,Microsoft Windows Server 2012 (64-bit)
VM-01-30-80-001,192.168.114.124,/KleeGroup-Hosting/TCC/Publisoft,Microsoft Windows Server 2012 (64-bit)
VM-01-30-99-001,192.168.114.126,/KleeGroup-Hosting/TCC/Publisoft,Microsoft Windows Server 2012 (64-bit)
VM-01-31-01-001,172.17.31.66,/KleeGroup-Hosting/DC4/SNCF,CentOS 7 (64-bit)
VM-01-31-02-001,172.17.31.67,/KleeGroup-Hosting/DC4/SNCF,Red Hat Enterprise Linux 7 (64-bit)
VM-01-31-16-001,172.17.31.23,/KleeGroup-Hosting/DC4/SNCF,CentOS 7 (64-bit)
VM-01-31-17-001,172.17.31.68,/KleeGroup-Hosting/DC4/SNCF,Red Hat Enterprise Linux 7 (64-bit)
VM-01-33-01-201,172.16.92.111,/KleeGroup-Hosting/TCC/CFAO,Microsoft Windows Server 2016 or later (64-bit)
VM-01-33-01-202,172.16.92.112,/KleeGroup-Hosting/TCC/CFAO,Microsoft Windows Server 2016 or later (64-bit)
VM-01-33-16-201,172.16.92.19,/KleeGroup-Hosting/TCC/CFAO,Microsoft Windows Server 2016 or later (64-bit)
VM-01-33-22-201,172.16.92.113,/KleeGroup-Hosting/TCC/CFAO,Microsoft Windows Server 2019 (64-bit)
VM-01-33-22-202,172.16.92.114,/KleeGroup-Hosting/TCC/CFAO,Microsoft Windows Server 2016 or later (64-bit)
VM-01-33-77-201,172.16.92.110,/KleeGroup-Hosting/TCC/CFAO,Microsoft Windows Server 2016 or later (64-bit)
VM-01-33-77-202,172.16.192.110,/KleeGroup-Hosting/DC4/CFAO,Microsoft Windows Server 2016 or later (64-bit)
VM-01-33-78-201,172.16.92.115,/KleeGroup-Hosting/TCC/CFAO,Microsoft Windows Server 2016 or later (64-bit)
VM-01-33-VADC-001,172.16.92.123,/KleeGroup-Hosting/TCC/CFAO,Ubuntu Linux (64-bit)
VM-01-33-VADC-002,172.16.92.124,/KleeGroup-Hosting/TCC/CFAO,Ubuntu Linux (64-bit)
VM-01-36-01-001,172.17.36.66,/KleeGroup-Hosting/DC4/TAE,Red Hat Enterprise Linux 7 (64-bit)
VM-01-36-02-001,172.17.36.67,/KleeGroup-Hosting/DC4/TAE,CentOS 7 (64-bit)
VM-01-36-02-002,172.17.36.199,/KleeGroup-Hosting/TCC/TAE,Red Hat Enterprise Linux 7 (64-bit)
VM-01-36-16-001,172.17.36.23,/KleeGroup-Hosting/DC4/TAE,Red Hat Enterprise Linux 7 (64-bit)
VM-01-36-16-002,172.17.36.154,/KleeGroup-Hosting/TCC/TAE,Red Hat Enterprise Linux 7 (64-bit)
VM-01-36-17-001,172.17.36.68,/KleeGroup-Hosting/DC4/TAE,Red Hat Enterprise Linux 7 (64-bit)
VM-01-37-01-001,172.17.37.66,/KleeGroup-Hosting/DC4/FEI,Debian GNU/Linux 10 (64-bit)
VM-01-37-01-002,172.17.37.67,/KleeGroup-Hosting/DC4/FEI,Debian GNU/Linux 10 (64-bit)
VM-01-37-01-101,172.17.37.68,/KleeGroup-Hosting/DC4/FEI,Debian GNU/Linux 10 (64-bit)
VM-01-37-16-001,172.17.37.18,/KleeGroup-Hosting/DC4/FEI,Microsoft Windows Server 2016 or later (64-bit)
VM-01-37-17-001,172.17.37.19,/KleeGroup-Hosting/DC4/FEI,Debian GNU/Linux 10 (64-bit)
VM-01-37-18-001,172.17.37.20,/KleeGroup-Hosting/DC4/FEI,Debian GNU/Linux 10 (64-bit)
VM-01-41-01-101,172.17.41.70,/KleeGroup-Hosting/DC4/Safe Easy,Red Hat Enterprise Linux 7 (64-bit)
VM-01-41-02-101,172.17.41.71,/KleeGroup-Hosting/DC4/Safe Easy,Red Hat Enterprise Linux 7 (64-bit)
VM-01-41-02-102,172.17.41.203,/KleeGroup-Hosting/TCC/Safe Easy,Red Hat Enterprise Linux 7 (64-bit)
VM-01-41-16-101,172.17.41.25,/KleeGroup-Hosting/DC4/Safe Easy,Red Hat Enterprise Linux 7 (64-bit)
VM-01-41-16-102,172.17.41.156,/KleeGroup-Hosting/TCC/Safe Easy,Red Hat Enterprise Linux 7 (64-bit)
VM-01-41-17-101,172.17.41.72,/KleeGroup-Hosting/DC4/Safe Easy,Red Hat Enterprise Linux 7 (64-bit)
VM-01-42-01-001,172.17.42.66,/KleeGroup-Hosting/DC4/SPARK CEVA,CentOS 7 (64-bit)
VM-01-42-02-001,172.17.42.67,/KleeGroup-Hosting/DC4/SPARK CEVA,Red Hat Enterprise Linux 7 (64-bit)
VM-01-42-02-002,172.17.42.199,/KleeGroup-Hosting/TCC/SPARK CEVA,Red Hat Enterprise Linux 7 (64-bit)
VM-01-42-02-003,172.17.42.71,/KleeGroup-Hosting/DC4/SPARK CEVA,Red Hat Enterprise Linux 7 (64-bit)
VM-01-42-12-001,172.17.42.70,/KleeGroup-Hosting/DC4/SPARK CEVA,Red Hat Enterprise Linux 7 (64-bit)
VM-01-42-16-001,172.17.42.23,/KleeGroup-Hosting/DC4/SPARK CEVA,Red Hat Enterprise Linux 7 (64-bit)
VM-01-42-16-002,172.17.42.154,/KleeGroup-Hosting/TCC/SPARK CEVA,Red Hat Enterprise Linux 7 (64-bit)
VM-01-42-17-001,172.17.42.68,/KleeGroup-Hosting/DC4/SPARK CEVA,Red Hat Enterprise Linux 7 (64-bit)
VM-01-45-01-001,172.17.45.66,/KleeGroup-Hosting/DC4/GALIMMO,Debian GNU/Linux 10 (64-bit)
VM-01-45-16-001,172.17.45.18,/KleeGroup-Hosting/DC4/GALIMMO,Debian GNU/Linux 10 (64-bit)
VM-01-45-17-001,172.17.45.19,/KleeGroup-Hosting/DC4/GALIMMO,Debian GNU/Linux 10 (64-bit)
VM-01-46-01-001,172.17.46.66,/KleeGroup-Hosting/TCC/TOTAL,CentOS 7 (64-bit)
VM-01-46-01-002,172.17.46.67,/KleeGroup-Hosting/TCC/TOTAL,CentOS 7 (64-bit)
VM-01-46-02-001,172.17.46.68,/KleeGroup-Hosting/TCC/TOTAL,CentOS 7 (64-bit)
VM-01-46-02-002,172.17.46.199,/KleeGroup-Hosting/DC4/TOTAL,Red Hat Enterprise Linux 7 (64-bit)
VM-01-46-06-001,172.17.46.72,/KleeGroup-Hosting/TCC/TOTAL,Red Hat Enterprise Linux 7 (64-bit)
VM-01-46-12-001,172.17.46.71,/KleeGroup-Hosting/TCC/TOTAL,CentOS 7 (64-bit)
VM-01-46-16-001,172.17.46.23,/KleeGroup-Hosting/TCC/TOTAL,Red Hat Enterprise Linux 7 (64-bit)
VM-01-46-16-002,172.17.46.154,/KleeGroup-Hosting/DC4/TOTAL,Red Hat Enterprise Linux 7 (64-bit)
VM-01-46-17-001,172.17.46.70,/KleeGroup-Hosting/TCC/TOTAL,CentOS 7 (64-bit)
VM-01-46-90-001,192.168.242.208,/KleeGroup-Hosting/TCC/TOTAL,Red Hat Enterprise Linux 7 (64-bit)
VM-01-46-90-001,172.17.46.92,/KleeGroup-Hosting/TCC/TOTAL,Red Hat Enterprise Linux 7 (64-bit)
VM-01-47-01-001,172.17.47.66,/KleeGroup-Hosting/DC4/CERTDC,Other (32-bit)
VM-01-47-01-002,172.17.47.67,/KleeGroup-Hosting/DC4/CERTDC,Other (32-bit)
VM-01-47-01-101,172.17.47.68,/KleeGroup-Hosting/DC4/CERTDC,Other (32-bit)
VM-01-47-01-102,172.17.47.69,/KleeGroup-Hosting/DC4/CERTDC,Other (32-bit)
VM-01-47-01-301,172.17.47.74,/KleeGroup-Hosting/DC4/CERTDC,Other (32-bit)
VM-01-47-02-001,172.17.47.70,/KleeGroup-Hosting/DC4/CERTDC,Debian GNU/Linux 11 (64-bit)
VM-01-47-02-002,172.17.47.71,/KleeGroup-Hosting/DC4/CERTDC,Debian GNU/Linux 11 (64-bit)
VM-01-47-02-003,172.17.47.72,/KleeGroup-Hosting/DC4/CERTDC,Debian GNU/Linux 11 (64-bit)
VM-01-47-02-004,172.17.47.73,/KleeGroup-Hosting/DC4/CERTDC,Debian GNU/Linux 11 (64-bit)
VM-01-47-02-201,172.17.47.75,/KleeGroup-Hosting/DC4/CERTDC,Other (32-bit)
VM-01-47-12-001,172.17.47.76,/KleeGroup-Hosting/DC4/CERTDC,Red Hat Enterprise Linux 7 (64-bit)
VM-01-47-16-001,172.17.47.18,/KleeGroup-Hosting/DC4/CERTDC,Debian GNU/Linux 11 (64-bit)
VM-01-47-16-101,172.17.47.20,/KleeGroup-Hosting/DC4/CERTDC,Other (32-bit)
VM-01-47-16-201,172.17.47.21,/KleeGroup-Hosting/DC4/CERTDC,Other (32-bit)
VM-01-47-17-001,172.17.47.19,/KleeGroup-Hosting/DC4/CERTDC,Debian GNU/Linux 11 (64-bit)
VM-01-47-17-301,172.17.47.22,/KleeGroup-Hosting/DC4/CERTDC,Debian GNU/Linux 11 (64-bit)
VM-01-50-01-001,172.17.50.66,/KleeGroup-Hosting/DC4/HAS,CentOS 7 (64-bit)
VM-01-50-02-001,172.17.50.67,/KleeGroup-Hosting/DC4/HAS,CentOS 7 (64-bit)
VM-01-50-02-002,172.17.50.196,/KleeGroup-Hosting/TCC/HAS,CentOS 7 (64-bit)
VM-01-50-06-001,172.17.50.69,/KleeGroup-Hosting/DC4/HAS,Red Hat Enterprise Linux 7 (64-bit)
VM-01-50-12-001,172.17.50.70,/KleeGroup-Hosting/DC4/HAS,Red Hat Enterprise Linux 7 (64-bit)
VM-01-50-16-001,172.17.50.18,/KleeGroup-Hosting/DC4/HAS,Red Hat Enterprise Linux 7 (64-bit)
VM-01-50-16-002,172.17.50.147,/KleeGroup-Hosting/TCC/HAS,Red Hat Enterprise Linux 7 (64-bit)
VM-01-50-17-001,172.17.50.71,/KleeGroup-Hosting/DC4/HAS,CentOS 7 (64-bit)
VM-01-51-01-011,172.16.107.211,/KleeGroup-Hosting/TCC/Malteurop,Microsoft Windows Server 2008 R2 (64-bit)
VM-01-51-01-012,172.16.107.212,/KleeGroup-Hosting/TCC/Malteurop,Microsoft Windows Server 2008 R2 (64-bit)
VM-01-51-16-011,172.16.107.156,/KleeGroup-Hosting/TCC/Malteurop,
VM-01-51-21-011,172.16.107.215,/KleeGroup-Hosting/TCC/Malteurop,Microsoft Windows Server 2008 R2 (64-bit)
VM-01-51-22-011,172.16.107.213,/KleeGroup-Hosting/TCC/Malteurop,
VM-01-51-22-012,172.16.107.214,/KleeGroup-Hosting/TCC/Malteurop,
VM-01-51-77-001,172.16.107.216,/KleeGroup-Hosting/TCC/Malteurop,Microsoft Windows Server 2008 R2 (64-bit)
VM-01-51-77-002,172.16.107.217,/KleeGroup-Hosting/TCC/Malteurop,Microsoft Windows Server 2008 R2 (64-bit)
VM-01-51-77-003,172.16.108.210,/KleeGroup-Hosting/DC4/Malteurop,Microsoft Windows Server 2008 R2 (64-bit)
VM-01-51-78-011,172.16.107.200,/KleeGroup-Hosting/TCC/Malteurop,Microsoft Windows Server 2008 R2 (64-bit)
VM-01-52-01-101,10.102.2.214,/KleeGroup-Hosting/TCC/Lesaffre,Microsoft Windows Server 2019 (64-bit)
VM-01-52-01-102,10.102.2.215,/KleeGroup-Hosting/TCC/Lesaffre,Microsoft Windows Server 2019 (64-bit)
VM-01-52-02-101,10.102.2.216,/KleeGroup-Hosting/TCC/Lesaffre,Microsoft Windows Server 2019 (64-bit)
VM-01-52-02-102,10.102.2.217,/KleeGroup-Hosting/TCC/Lesaffre,Microsoft Windows Server 2016 or later (64-bit)
VM-01-52-16-101,10.102.2.146,/KleeGroup-Hosting/TCC/Lesaffre,Microsoft Windows Server 2016 or later (64-bit)
VM-01-52-16-102,10.102.2.147,/KleeGroup-Hosting/TCC/Lesaffre,Microsoft Windows Server 2019 (64-bit)
VM-01-52-22-101,10.102.2.219,/KleeGroup-Hosting/TCC/Lesaffre,Microsoft Windows Server 2019 (64-bit)
VM-01-52-22-102,10.102.2.220,/KleeGroup-Hosting/TCC/Lesaffre,Microsoft Windows Server 2019 (64-bit)
VM-01-52-77-101,10.102.2.222,/KleeGroup-Hosting/TCC/Lesaffre,Microsoft Windows Server 2016 or later (64-bit)
VM-01-52-78-101,10.102.2.221,/KleeGroup-Hosting/TCC/Lesaffre,Microsoft Windows Server 2019 (64-bit)
VM-01-53-01-001,172.17.53.196,/KleeGroup-Hosting/DC4/ADEO/Production,Microsoft Windows Server 2022 (64-bit)
VM-01-53-01-002,172.17.53.197,/KleeGroup-Hosting/DC4/ADEO/Production,Microsoft Windows Server 2022 (64-bit)
VM-01-53-02-001,172.17.53.198,/KleeGroup-Hosting/DC4/ADEO/Production,Microsoft Windows Server 2022 (64-bit)
VM-01-53-02-002,172.17.53.199,/KleeGroup-Hosting/DC4/ADEO/Production,Microsoft Windows Server 2022 (64-bit)
VM-01-53-16-001,172.17.53.146,/KleeGroup-Hosting/DC4/ADEO/Production,Microsoft Windows Server 2022 (64-bit)
VM-01-53-22-001,172.17.53.200,/KleeGroup-Hosting/DC4/ADEO/Production,Microsoft Windows Server 2022 (64-bit)
VM-01-53-22-002,172.17.53.201,/KleeGroup-Hosting/DC4/ADEO/Production,Microsoft Windows Server 2022 (64-bit)
VM-01-53-22-003,172.17.53.202,/KleeGroup-Hosting/DC4/ADEO/Production,Microsoft Windows Server 2022 (64-bit)
VM-01-53-77-001,172.17.53.194,/KleeGroup-Hosting/DC4/ADEO/Production,Microsoft Windows Server 2022 (64-bit)
VM-01-53-77-002,172.17.53.195,/KleeGroup-Hosting/DC4/ADEO/Production,Microsoft Windows Server 2022 (64-bit)
VM-01-54-01-001,172.17.54.67,/KleeGroup-Hosting/TCC/TERREAL,Microsoft Windows Server 2022 (64-bit)
VM-01-54-16-001,172.17.54.18,/KleeGroup-Hosting/TCC/TERREAL,Microsoft Windows Server 2022 (64-bit)
VM-01-54-22-001,172.17.54.68,/KleeGroup-Hosting/TCC/TERREAL,Microsoft Windows Server 2022 (64-bit)
VM-01-54-77-001,172.17.54.66,/KleeGroup-Hosting/TCC/TERREAL,Microsoft Windows Server 2022 (64-bit)
VM-01-56-01-001,172.17.56.66,/KleeGroup-Hosting/TCC/BNPP,CentOS 7 (64-bit)
VM-01-56-02-001,172.17.56.67,/KleeGroup-Hosting/TCC/BNPP,Red Hat Enterprise Linux 7 (64-bit)
VM-01-56-06-001,172.17.56.68,/KleeGroup-Hosting/TCC/BNPP,Red Hat Enterprise Linux 7 (64-bit)
VM-01-56-12-001,172.17.56.69,/KleeGroup-Hosting/TCC/BNPP,Red Hat Enterprise Linux 7 (64-bit)
VM-01-56-16-001,172.17.56.18,/KleeGroup-Hosting/TCC/BNPP,Red Hat Enterprise Linux 7 (64-bit)
VM-01-56-17-001,172.17.56.70,/KleeGroup-Hosting/TCC/BNPP,Red Hat Enterprise Linux 7 (64-bit)
VM-01-57-01-001,172.17.57.66,/KleeGroup-Hosting/DC4/GTT,Debian GNU/Linux 11 (64-bit)
VM-01-57-01-002,172.17.57.67,/KleeGroup-Hosting/DC4/GTT,Debian GNU/Linux 11 (64-bit)
VM-01-57-01-101,172.17.57.68,/KleeGroup-Hosting/DC4/GTT,Debian GNU/Linux 11 (64-bit)
VM-01-57-01-102,172.17.57.69,/KleeGroup-Hosting/DC4/GTT,Other (32-bit)
VM-01-57-16-001,172.17.57.18,/KleeGroup-Hosting/DC4/GTT,Debian GNU/Linux 11 (64-bit)
VM-01-57-16-002,172.17.57.19,/KleeGroup-Hosting/DC4/GTT,Debian GNU/Linux 11 (64-bit)
VM-01-59-01-101,172.17.114.72,/KleeGroup-Hosting/TCC/MOBIVIA,Microsoft Windows Server 2016 or later (64-bit)
VM-01-59-01-102,172.17.114.73,/KleeGroup-Hosting/TCC/MOBIVIA,Microsoft Windows Server 2016 or later (64-bit)
VM-01-59-16-101,172.17.114.118,/KleeGroup-Hosting/TCC/MOBIVIA,Microsoft Windows Server 2016 or later (64-bit)
VM-01-59-22-101,172.17.114.74,/KleeGroup-Hosting/TCC/MOBIVIA,Microsoft Windows Server 2019 (64-bit)
VM-01-59-22-102,172.17.114.75,/KleeGroup-Hosting/TCC/MOBIVIA,Microsoft Windows Server 2016 or later (64-bit)
VM-01-59-77-101,172.17.114.70,/KleeGroup-Hosting/TCC/MOBIVIA,Microsoft Windows Server 2016 or later (64-bit)
VM-01-59-77-102,172.17.114.204,/KleeGroup-Hosting/DC4/MOBIVIA,Microsoft Windows Server 2016 or later (64-bit)
VM-01-59-78-101,172.17.114.71,/KleeGroup-Hosting/TCC/MOBIVIA,Microsoft Windows Server 2016 or later (64-bit)
VM-01-60-01-001,172.17.60.194,/KleeGroup-Hosting/TCC/TIPI,Debian GNU/Linux 11 (64-bit)
VM-01-62-01-101,192.168.164.82,/KleeGroup-Hosting/TCC/Arc,Microsoft Windows Server 2019 (64-bit)
VM-01-62-01-102,192.168.164.83,/KleeGroup-Hosting/TCC/Arc,Microsoft Windows Server 2019 (64-bit)
VM-01-62-16-101,192.168.164.23,/KleeGroup-Hosting/TCC/Arc,Microsoft Windows Server 2016 or later (64-bit)
VM-01-62-22-101,192.168.164.84,/KleeGroup-Hosting/TCC/Arc,Microsoft Windows Server 2016 or later (64-bit)
VM-01-62-22-102,192.168.164.85,/KleeGroup-Hosting/TCC/Arc,Microsoft Windows Server 2016 or later (64-bit)
VM-01-62-77-101,192.168.164.81,/KleeGroup-Hosting/TCC/Arc,Microsoft Windows Server 2016 or later (64-bit)
VM-01-62-77-102,192.168.164.201,/KleeGroup-Hosting/DC4/Arc,Microsoft Windows Server 2016 or later (64-bit)
VM-01-63-01-001,172.17.63.67,/KleeGroup-Hosting/DC4/Eurotoll,CentOS 4/5/6/7 (64-bit)
VM-01-63-01-002,172.17.63.68,/KleeGroup-Hosting/DC4/Eurotoll,CentOS 4/5 (64-bit)
VM-01-63-01-003,172.17.63.195,/KleeGroup-Hosting/TCC/Eurotoll,CentOS 4/5 (64-bit)
VM-01-63-01-101,172.17.63.81,/KleeGroup-Hosting/DC4/Eurotoll,CentOS 7 (64-bit)
VM-01-63-16-001,172.17.63.19,/KleeGroup-Hosting/DC4/Eurotoll,CentOS 4/5 (64-bit)
VM-01-63-16-002,172.17.63.147,/KleeGroup-Hosting/TCC/Eurotoll,CentOS 4/5 (64-bit)
VM-01-63-16-101,172.17.63.23,/KleeGroup-Hosting/DC4/Eurotoll,CentOS 7 (64-bit)
VM-01-63-16-102,?,/KleeGroup-Hosting/DC4/Eurotoll,CentOS 4/5 (64-bit)
VM-01-85-01-101,192.168.185.76,/KleeGroup-Hosting/TCC/Valtech,Microsoft Windows Server 2019 (64-bit)
VM-01-85-01-102,192.168.185.77,/KleeGroup-Hosting/TCC/Valtech,Microsoft Windows Server 2016 or later (64-bit)
VM-01-85-16-101,192.168.185.19,/KleeGroup-Hosting/TCC/Valtech,Microsoft Windows Server 2016 or later (64-bit)
VM-01-85-22-101,192.168.185.78,/KleeGroup-Hosting/TCC/Valtech,Microsoft Windows Server 2016 or later (64-bit)
VM-01-85-22-102,192.168.185.79,/KleeGroup-Hosting/TCC/Valtech,Microsoft Windows Server 2016 or later (64-bit)
VM-01-85-77-101,192.168.185.75,/KleeGroup-Hosting/TCC/Valtech,Microsoft Windows Server 2019 (64-bit)
VM-01-85-77-102,192.168.185.205,/KleeGroup-Hosting/DC4/Valtech,Microsoft Windows Server 2019 (64-bit)
VM-01-87-01-101,192.168.87.73,/KleeGroup-Hosting/TCC/Kiabi,Microsoft Windows Server 2022 (64-bit)
VM-01-87-01-102,192.168.87.74,/KleeGroup-Hosting/TCC/Kiabi,Microsoft Windows Server 2022 (64-bit)
VM-01-87-16-101,192.168.87.19,/KleeGroup-Hosting/TCC/Kiabi,Microsoft Windows Server 2022 (64-bit)
VM-01-87-16-102,192.168.87.20,/KleeGroup-Hosting/TCC/Kiabi,Microsoft Windows Server 2022 (64-bit)
VM-01-87-77-101,192.168.87.71,/KleeGroup-Hosting/TCC/Kiabi,Microsoft Windows Server 2022 (64-bit)
VM-01-87-77-102,192.168.87.72,/KleeGroup-Hosting/TCC/Kiabi,Microsoft Windows Server 2022 (64-bit)
VM-01-87-78-101,192.168.87.75,/KleeGroup-Hosting/TCC/Kiabi,Microsoft Windows Server 2022 (64-bit)
VM-01-97-01-001,172.17.97.66,/KleeGroup-Hosting/DC4/Spark,Red Hat Enterprise Linux 7 (64-bit)
VM-01-97-17-001,172.17.97.18,/KleeGroup-Hosting/DC4/Spark,Red Hat Enterprise Linux 7 (64-bit)
VM-01-97-17-002,172.17.97.19,/KleeGroup-Hosting/DC4/Spark,Red Hat Enterprise Linux 7 (64-bit)
VM-01-97-17-003,172.17.97.20,/KleeGroup-Hosting/DC4/Spark,Red Hat Enterprise Linux 7 (64-bit)
VM-01-98-01-001,172.17.98.66,/KleeGroup-Hosting/DC4/CHATBOT,Debian GNU/Linux 10 (64-bit)
VM-01-98-01-002,172.17.98.67,/KleeGroup-Hosting/DC4/CHATBOT,Debian GNU/Linux 10 (64-bit)
VM-01-98-16-001,172.17.98.18,/KleeGroup-Hosting/DC4/CHATBOT,Debian GNU/Linux 10 (64-bit)
VM-01-99-01-004,192.168.89.251,/KleeGroup-Hosting/TCC/Mutualise,Red Hat Enterprise Linux 6 (64-bit)
VM-01-99-01-005,192.168.89.252,/KleeGroup-Hosting/TCC/Mutualise,Red Hat Enterprise Linux 6 (64-bit)
VM-01-99-01-006,192.168.89.5,/KleeGroup-Hosting/DC4/Mutualise,CentOS 6 (64-bit)
VM-01-99-01-007,192.168.89.6,/KleeGroup-Hosting/DC4/Mutualise,
VM-01-99-01-008,192.168.43.201,/KleeGroup-Hosting/TCC/Mutualise,CentOS 7 (64-bit)
VM-01-99-01-009,192.168.43.33,/KleeGroup-Hosting/TCC/Mutualise,Microsoft Windows Server 2016 or later (64-bit)
VM-01-99-01-050,192.168.180.50,/KleeGroup-Hosting/DC4/Mutualise,CentOS 4/5/6/7 (64-bit)
VM-01-99-01-101,192.168.43.143,/KleeGroup-Hosting/TCC/Kleegroup,Other (32-bit)
VM-01-99-01-201,192.168.43.155,/KleeGroup-Hosting/TCC/KleePerformance,Other (32-bit)
VM-01-99-01-209,192.168.43.110,/KleeGroup-Hosting/TCC/Kleegroup,Other (32-bit)
VM-01-99-01-801,192.168.180.123,/KleeGroup-Hosting/DC4/Management,CentOS 7 (64-bit)
VM-01-99-02-003,192.168.180.29,/KleeGroup-Hosting/DC4/Mutualise,CentOS 4/5 (64-bit)
VM-01-99-02-004,192.168.180.30,/KleeGroup-Hosting/DC4/Mutualise,Red Hat Enterprise Linux 6 (64-bit)
VM-01-99-02-401,192.168.43.91,/KleeGroup-Hosting/TCC/Kleegroup,Other (32-bit)
VM-01-99-02-801,192.168.180.124,/KleeGroup-Hosting/DC4/Management,CentOS 7 (64-bit)
VM-01-99-02-811,192.168.89.92,/KleeGroup-Hosting/DC4/Management,Debian GNU/Linux 11 (64-bit)
VM-01-99-02-812,192.168.89.93,/KleeGroup-Hosting/DC4/Management,Debian GNU/Linux 11 (64-bit)
VM-01-99-02-821,192.168.89.162,/KleeGroup-Hosting,Other (32-bit)
VM-01-99-02-822,192.168.89.163,/KleeGroup-Hosting/TCC/Management,Debian GNU/Linux 11 (64-bit)
VM-01-99-05-801,192.168.140.124,/KleeGroup-Hosting/DC4/Management,CentOS 7 (64-bit)
VM-01-99-16-050,192.168.140.50,/KleeGroup-Hosting/DC4/Mutualise,CentOS 4/5/6/7 (64-bit)
VM-01-99-16-101,192.168.51.100,/KleeGroup-Hosting/TCC/Kleegroup,Other (32-bit)
VM-01-99-16-801,192.168.140.123,/KleeGroup-Hosting/DC4/Management,CentOS 7 (64-bit)
VM-01-99-33-101,192.168.242.221,/KleeGroup-Hosting/TCC/Mutualise,Microsoft Windows Server 2012 (64-bit)
VM-01-99-43-001,192.168.89.77,/KleeGroup-Hosting/DC4/Kleegroup,Microsoft Windows Server 2016 or later (64-bit)
VM-01-99-55-001,192.168.180.55,/KleeGroup-Hosting/DC4/Mutualise,Microsoft Windows Server 2016 (64-bit)
VM-01-99-77-003,192.168.140.31,/KleeGroup-Hosting/DC4/Mutualise,CentOS 4/5 (64-bit)
VM-01-99-77-004,192.168.140.32,/KleeGroup-Hosting/DC4/Mutualise,CentOS 4/5 (64-bit)
VM-01-99-81-001,172.19.78.146,/KleeGroup-Hosting/TCC/Kleegroup,Debian GNU/Linux 10 (64-bit)
VM-01-99-90-001,192.168.242.10,/KleeGroup-Hosting/TCC/Management,CentOS 4/5 (64-bit)
VM-01-99-90-101,192.168.242.15,/KleeGroup-Hosting/TCC/Management,Other 3.x Linux (64-bit)
VM-01-99-90-302,192.168.242.206,/KleeGroup-Hosting/TCC/Management,Microsoft Windows Server 2016 or later (64-bit)
VM-01-K3D-01-101,192.168.43.136,/KleeGroup-Hosting/TCC/KleeMedia,Debian GNU/Linux 11 (64-bit)
VM-01-K3D-16-001,192.168.51.138,/KleeGroup-Hosting/TCC/KleeMedia,CentOS 6 (64-bit)
VM-01-KC-01-001,192.168.116.163,/KleeGroup-Hosting/TCC/KleeCommerce,Microsoft Windows Server 2008 (32-bit)
VM-01-KC-01-015,192.168.116.176,/KleeGroup-Hosting/TCC/KleeCommerce,CentOS 4/5 (64-bit)
VM-01-KC-01-100,192.168.116.189,/KleeGroup-Hosting/TCC/KleeCommerce,Microsoft Windows Server 2016 or later (64-bit)
VM-01-KC-01-101,192.168.116.190,/KleeGroup-Hosting/TCC/KleeCommerce,Microsoft Windows Server 2019 (64-bit)
VM-01-KC-01-102,192.168.116.188,/KleeGroup-Hosting/TCC/KleeCommerce,Microsoft Windows Server 2016 or later (64-bit)
VM-01-KC-01-112,192.168.116.182,/KleeGroup-Hosting/TCC/KleeCommerce,Other (32-bit)
VM-01-KC-02-100,192.168.116.61,/KleeGroup-Hosting/TCC/KleeCommerce,Microsoft Windows Server 2016 or later (64-bit)
VM-01-KC-03-002,192.168.116.168,/KleeGroup-Hosting/TCC/KleeCommerce,Microsoft Windows Server 2012 (64-bit)
VM-01-KC-03-004,192.168.116.180,/KleeGroup-Hosting/TCC/KleeCommerce,Microsoft Windows Server 2012 (64-bit)
VM-01-KC-04-001,192.168.116.38,/KleeGroup-Hosting/TCC/KleeCommerce,Microsoft Windows Server 2008 (32-bit)
VM-01-KC-04-002,192.168.116.39,/KleeGroup-Hosting/TCC/KleeCommerce,Microsoft Windows Server 2008 R2 (64-bit)
VM-01-KC-04-101,192.168.116.181,/KleeGroup-Hosting/TCC/KleeCommerce,Microsoft Windows Server 2016 (64-bit)
VM-01-KC-16-001,192.168.116.34,/KleeGroup-Hosting/TCC/KleeCommerce/Databases,CentOS 4/5/6 (64-bit)
VM-01-KC-16-002,192.168.116.35,/KleeGroup-Hosting/TCC/KleeCommerce,CentOS 4/5 (64-bit)
VM-01-KC-16-101,192.168.116.45,/KleeGroup-Hosting/TCC/KleeCommerce,Debian GNU/Linux 11 (64-bit)
VM-01-KC-16-102,192.168.116.46,/KleeGroup-Hosting/TCC/KleeCommerce,Debian GNU/Linux 11 (64-bit)
VM-01-KC-16-103,192.168.116.47,/KleeGroup-Hosting/TCC/KleeCommerce,Debian GNU/Linux 11 (64-bit)
VM-01-KC-16-104,192.168.116.48,/KleeGroup-Hosting/TCC/KleeCommerce,Debian GNU/Linux 11 (64-bit)
VM-01-KC-16-105,192.168.116.49,/KleeGroup-Hosting/TCC/KleeCommerce,Other (32-bit)
VM-01-KC-16-201,192.168.116.53,/KleeGroup-Hosting/TCC/KleeCommerce,Debian GNU/Linux 11 (64-bit)
VM-01-KM-01-001,192.168.116.164,/KleeGroup-Hosting/TCC/KleeMedia,Microsoft Windows Server 2008 (32-bit)
VM-01-KM-01-002,192.168.116.166,/KleeGroup-Hosting/TCC/KleeMedia,Microsoft Windows Server 2008 (32-bit)
VM-01-KM-01-003,192.168.116.179,/KleeGroup-Hosting/TCC/KleeMedia,Microsoft Windows Server 2012 (64-bit)
VM-01-KM-16-001,192.168.116.36,/KleeGroup-Hosting/TCC/KleeMedia,CentOS 4/5 (64-bit)
VM-01-KM-16-002,192.168.116.42,/KleeGroup-Hosting/TCC/KleeMedia,CentOS 4/5 (64-bit)
VM-02-00-16-001,172.20.201.34,/KleeGroup-Hosting/DC4/Kleegroup,Microsoft Windows Server 2012 (64-bit)
VM-02-05-01-601,172.17.5.219,/KleeGroup-Hosting/DC4/DGEFP-FSE,Debian GNU/Linux 10 (64-bit)
VM-02-05-01-602,172.17.5.220,/KleeGroup-Hosting/DC4/DGEFP-FSE,Debian GNU/Linux 10 (64-bit)
VM-02-05-01-701,172.17.5.85,/KleeGroup-Hosting/TCC/DGEFP-FSE,Debian GNU/Linux 10 (64-bit)
VM-02-05-16-601,172.17.5.158,/KleeGroup-Hosting/DC4/DGEFP-FSE,Debian GNU/Linux 10 (64-bit)
VM-02-05-16-701,172.17.5.18,/KleeGroup-Hosting/TCC/DGEFP-FSE,Debian GNU/Linux 10 (64-bit)
VM-02-08-02-101,192.168.179.120,/KleeGroup-Hosting/DC4/FFSA,Debian GNU/Linux 11 (64-bit)
VM-02-08-02-102,192.168.179.121,/KleeGroup-Hosting/DC4/FFSA,Other (32-bit)
VM-02-08-16-101,192.168.179.101,/KleeGroup-Hosting/DC4/FFSA,Debian GNU/Linux 11 (64-bit)
VM-02-09-02-101,172.17.19.76,/KleeGroup-Hosting/TCC/FNMF,Debian GNU/Linux 11 (64-bit)
VM-02-09-02-102,172.17.19.77,/KleeGroup-Hosting/TCC/FNMF,Other (32-bit)
VM-02-09-07-101,172.17.19.79,/KleeGroup-Hosting/TCC/FNMF,Other (32-bit)
VM-02-09-16-101,172.17.19.25,/KleeGroup-Hosting/TCC/FNMF,Other (32-bit)
VM-02-09-77-001,172.17.19.205,/KleeGroup-Hosting/DC4/FNMF,
VM-02-13-01-007,172.17.13.233,/KleeGroup-Hosting/DC4/France Active,CentOS 7 (64-bit)
VM-02-13-01-008,172.17.13.236,/KleeGroup-Hosting/DC4/France Active,Microsoft Windows Server 2003 Standard (32-bit)
VM-02-13-01-013,172.17.13.239,/KleeGroup-Hosting/DC4/France Active,Microsoft Windows Server 2008 (32-bit)
VM-02-17-01-101,172.17.113.77,/KleeGroup-Hosting/TCC/FPLP/EPM124/PreProd,Microsoft Windows Server 2012 (64-bit)
VM-02-17-01-102,172.17.113.78,/KleeGroup-Hosting/TCC/FPLP/EPM124/PreProd,Microsoft Windows Server 2012 (64-bit)
VM-02-17-16-101,172.17.113.19,/KleeGroup-Hosting/TCC/FPLP/EPM124/PreProd,Microsoft Windows Server 2012 (64-bit)
VM-02-17-20-101,172.17.113.81,/KleeGroup-Hosting/TCC/FPLP/EPM124/PreProd,Microsoft Windows Server 2012 (64-bit)
VM-02-17-22-101,172.17.113.79,/KleeGroup-Hosting/TCC/FPLP/EPM124/PreProd,Microsoft Windows Server 2012 (64-bit)
VM-02-17-22-102,172.17.113.80,/KleeGroup-Hosting/TCC/FPLP/EPM124/PreProd,Microsoft Windows Server 2012 (64-bit)
VM-02-17-78-101,172.17.113.82,/KleeGroup-Hosting/TCC/FPLP/EPM124/PreProd,Microsoft Windows Server 2012 (64-bit)
VM-02-24-01-001,172.17.24.198,/KleeGroup-Hosting/TCC/AGEFICE,CentOS 7 (64-bit)
VM-02-24-01-002,172.17.24.201,/KleeGroup-Hosting/TCC/AGEFICE,CentOS 4/5 (64-bit)
VM-02-24-01-101,172.17.24.199,/KleeGroup-Hosting/TCC/AGEFICE,CentOS 7 (64-bit)
VM-02-24-02-001,172.17.24.202,/KleeGroup-Hosting/TCC/AGEFICE,Red Hat Enterprise Linux 7 (64-bit)
VM-02-24-16-001,172.17.24.147,/KleeGroup-Hosting/TCC/AGEFICE,CentOS 4/5 (64-bit)
VM-02-24-16-101,172.17.24.150,/KleeGroup-Hosting/TCC/AGEFICE,Other (32-bit)
VM-02-24-17-001,172.17.24.200,/KleeGroup-Hosting/TCC/AGEFICE,CentOS 4/5 (64-bit)
VM-02-24-61-001,172.17.24.149,/KleeGroup-Hosting/TCC/AGEFICE,Debian GNU/Linux 10 (64-bit)
VM-02-24-87-001,172.17.24.148,/KleeGroup-Hosting/TCC/AGEFICE,Debian GNU/Linux 10 (64-bit)
VM-02-31-01-001,172.17.31.196,/KleeGroup-Hosting/TCC/SNCF,Red Hat Enterprise Linux 7 (64-bit)
VM-02-31-02-001,172.17.31.197,/KleeGroup-Hosting/TCC/SNCF,Red Hat Enterprise Linux 7 (64-bit)
VM-02-31-16-001,172.17.31.153,/KleeGroup-Hosting/TCC/SNCF,Red Hat Enterprise Linux 7 (64-bit)
VM-02-31-17-001,172.17.31.198,/KleeGroup-Hosting/TCC/SNCF,Red Hat Enterprise Linux 7 (64-bit)
VM-02-33-01-201,172.16.192.111,/KleeGroup-Hosting/DC4/CFAO,Microsoft Windows Server 2016 or later (64-bit)
VM-02-33-16-201,172.16.192.19,/KleeGroup-Hosting/DC4/CFAO,Microsoft Windows Server 2016 or later (64-bit)
VM-02-33-22-201,172.16.192.113,/KleeGroup-Hosting/DC4/CFAO,Microsoft Windows Server 2016 or later (64-bit)
VM-02-33-78-201,172.16.192.115,/KleeGroup-Hosting/DC4/CFAO,Microsoft Windows Server 2019 (64-bit)
VM-02-33-VADC-001,172.16.192.123,/KleeGroup-Hosting/DC4/CFAO,Ubuntu Linux (64-bit)
VM-02-33-VADC-002,172.16.192.124,/KleeGroup-Hosting/DC4/CFAO,Ubuntu Linux (64-bit)
VM-02-36-01-001,172.17.36.196,/KleeGroup-Hosting/TCC/TAE,Red Hat Enterprise Linux 7 (64-bit)
VM-02-36-02-001,172.17.36.197,/KleeGroup-Hosting/TCC/TAE,Red Hat Enterprise Linux 7 (64-bit)
VM-02-36-02-002,172.17.36.69,/KleeGroup-Hosting/DC4/TAE,Red Hat Enterprise Linux 7 (64-bit)
VM-02-36-16-001,172.17.36.153,/KleeGroup-Hosting/TCC/TAE,Red Hat Enterprise Linux 7 (64-bit)
VM-02-36-16-002,172.17.36.24,/KleeGroup-Hosting/DC4/TAE,Red Hat Enterprise Linux 7 (64-bit)
VM-02-36-17-001,172.17.36.198,/KleeGroup-Hosting/TCC/TAE,Red Hat Enterprise Linux 7 (64-bit)
VM-02-37-01-001,172.17.37.194,/KleeGroup-Hosting/TCC/FEI,Debian GNU/Linux 10 (64-bit)
VM-02-37-01-002,172.17.37.195,/KleeGroup-Hosting/TCC/FEI,Debian GNU/Linux 10 (64-bit)
VM-02-37-01-101,172.17.37.196,/KleeGroup-Hosting/TCC/FEI,Debian GNU/Linux 10 (64-bit)
VM-02-37-16-001,172.17.37.146,/KleeGroup-Hosting/TCC/FEI,Microsoft Windows Server 2016 or later (64-bit)
VM-02-37-17-001,172.17.37.147,/KleeGroup-Hosting/TCC/FEI,Debian GNU/Linux 10 (64-bit)
VM-02-37-18-001,172.17.37.148,/KleeGroup-Hosting/TCC/FEI,Debian GNU/Linux 10 (64-bit)
VM-02-41-01-101,172.17.41.200,/KleeGroup-Hosting/TCC/Safe Easy,Red Hat Enterprise Linux 7 (64-bit)
VM-02-41-02-101,172.17.41.201,/KleeGroup-Hosting/TCC/Safe Easy,Red Hat Enterprise Linux 7 (64-bit)
VM-02-41-02-102,172.17.41.73,/KleeGroup-Hosting/DC4/Safe Easy,Red Hat Enterprise Linux 7 (64-bit)
VM-02-41-16-101,172.17.41.155,/KleeGroup-Hosting/TCC/Safe Easy,Red Hat Enterprise Linux 7 (64-bit)
VM-02-41-16-102,172.17.41.26,/KleeGroup-Hosting/DC4/Safe Easy,Red Hat Enterprise Linux 7 (64-bit)
VM-02-41-17-101,172.17.41.202,/KleeGroup-Hosting/TCC/Safe Easy,Red Hat Enterprise Linux 7 (64-bit)
VM-02-42-01-001,172.17.42.196,/KleeGroup-Hosting/TCC/SPARK CEVA,Red Hat Enterprise Linux 7 (64-bit)
VM-02-42-02-001,172.17.42.197,/KleeGroup-Hosting/TCC/SPARK CEVA,Red Hat Enterprise Linux 7 (64-bit)
VM-02-42-02-002,172.17.42.69,/KleeGroup-Hosting/DC4/SPARK CEVA,Red Hat Enterprise Linux 7 (64-bit)
VM-02-42-02-003,172.17.42.201,/KleeGroup-Hosting/TCC/SPARK CEVA,Red Hat Enterprise Linux 7 (64-bit)
VM-02-42-12-001,172.17.42.200,/KleeGroup-Hosting/TCC/SPARK CEVA,Red Hat Enterprise Linux 7 (64-bit)
VM-02-42-16-001,172.17.42.153,/KleeGroup-Hosting/TCC/SPARK CEVA,Red Hat Enterprise Linux 7 (64-bit)
VM-02-42-16-002,172.17.42.24,/KleeGroup-Hosting/DC4/SPARK CEVA,Red Hat Enterprise Linux 7 (64-bit)
VM-02-42-17-001,172.17.42.198,/KleeGroup-Hosting/TCC/SPARK CEVA,Red Hat Enterprise Linux 7 (64-bit)
VM-02-45-01-001,172.17.45.194,/KleeGroup-Hosting/TCC/GALIMMO,Debian GNU/Linux 10 (64-bit)
VM-02-45-16-001,172.17.45.146,/KleeGroup-Hosting/TCC/GALIMMO,Debian GNU/Linux 10 (64-bit)
VM-02-45-17-001,172.17.45.147,/KleeGroup-Hosting/TCC/GALIMMO,Debian GNU/Linux 10 (64-bit)
VM-02-46-01-001,172.17.46.196,/KleeGroup-Hosting/DC4/TOTAL,Red Hat Enterprise Linux 7 (64-bit)
VM-02-46-01-002,172.17.46.197,/KleeGroup-Hosting/DC4/TOTAL,Red Hat Enterprise Linux 7 (64-bit)
VM-02-46-02-001,172.17.46.198,/KleeGroup-Hosting/DC4/TOTAL,Red Hat Enterprise Linux 7 (64-bit)
VM-02-46-02-002,172.17.46.69,/KleeGroup-Hosting/TCC/TOTAL,Red Hat Enterprise Linux 7 (64-bit)
VM-02-46-06-001,172.17.46.202,/KleeGroup-Hosting/DC4/TOTAL,Red Hat Enterprise Linux 7 (64-bit)
VM-02-46-12-001,172.17.46.201,/KleeGroup-Hosting/DC4/TOTAL,Red Hat Enterprise Linux 7 (64-bit)
VM-02-46-16-001,172.17.46.153,/KleeGroup-Hosting/DC4/TOTAL,Red Hat Enterprise Linux 7 (64-bit)
VM-02-46-16-002,172.17.46.24,/KleeGroup-Hosting/TCC/TOTAL,Red Hat Enterprise Linux 7 (64-bit)
VM-02-46-17-001,172.17.46.200,/KleeGroup-Hosting/DC4/TOTAL,Red Hat Enterprise Linux 7 (64-bit)
VM-02-46-90-001,192.168.142.208,/KleeGroup-Hosting/DC4/TOTAL,CentOS 7 (64-bit)
VM-02-47-01-001,172.17.47.194,/KleeGroup-Hosting/TCC/CERTDC,Other (32-bit)
VM-02-47-01-002,172.17.47.195,/KleeGroup-Hosting/TCC/CERTDC,Other (32-bit)
VM-02-47-01-101,172.17.47.196,/KleeGroup-Hosting/TCC/CERTDC,Other (32-bit)
VM-02-47-01-102,172.17.47.197,/KleeGroup-Hosting/TCC/CERTDC,Other (32-bit)
VM-02-47-01-301,172.17.47.202,/KleeGroup-Hosting/TCC/CERTDC,Debian GNU/Linux 11 (64-bit)
VM-02-47-02-001,172.17.47.198,/KleeGroup-Hosting/TCC/CERTDC,Other (32-bit)
VM-02-47-02-002,172.17.47.199,/KleeGroup-Hosting/TCC/CERTDC,Debian GNU/Linux 11 (64-bit)
VM-02-47-02-003,172.17.47.200,/KleeGroup-Hosting/TCC/CERTDC,Other (32-bit)
VM-02-47-02-004,172.17.47.201,/KleeGroup-Hosting/TCC/CERTDC,Other (32-bit)
VM-02-47-02-201,172.17.47.203,/KleeGroup-Hosting/TCC/CERTDC,Other (32-bit)
VM-02-47-12-001,172.17.47.204,/KleeGroup-Hosting/TCC/CERTDC,Red Hat Enterprise Linux 7 (64-bit)
VM-02-47-16-001,172.17.47.146,/KleeGroup-Hosting/TCC/CERTDC,Other (32-bit)
VM-02-47-16-101,172.17.47.148,/KleeGroup-Hosting/TCC/CERTDC,Other (32-bit)
VM-02-47-16-201,172.17.47.149,/KleeGroup-Hosting/TCC/CERTDC,Other (32-bit)
VM-02-47-17-001,172.17.47.147,/KleeGroup-Hosting/TCC/CERTDC,Other (32-bit)
VM-02-47-17-301,172.17.47.150,/KleeGroup-Hosting/TCC/CERTDC,Other (32-bit)
VM-02-50-01-001,172.17.50.194,/KleeGroup-Hosting/TCC/HAS,CentOS 7 (64-bit)
VM-02-50-02-001,172.17.50.195,/KleeGroup-Hosting/TCC/HAS,Red Hat Enterprise Linux 7 (64-bit)
VM-02-50-02-002,172.17.50.68,/KleeGroup-Hosting/DC4/HAS,Red Hat Enterprise Linux 7 (64-bit)
VM-02-50-06-001,172.17.50.197,/KleeGroup-Hosting/TCC/HAS,Red Hat Enterprise Linux 7 (64-bit)
VM-02-50-12-001,172.17.50.198,/KleeGroup-Hosting/TCC/HAS,Red Hat Enterprise Linux 7 (64-bit)
VM-02-50-16-001,172.17.50.146,/KleeGroup-Hosting/TCC/HAS,Red Hat Enterprise Linux 7 (64-bit)
VM-02-50-16-002,172.17.50.19,/KleeGroup-Hosting/DC4/HAS,Red Hat Enterprise Linux 7 (64-bit)
VM-02-50-17-001,172.17.50.199,/KleeGroup-Hosting/TCC/HAS,Red Hat Enterprise Linux 7 (64-bit)
VM-02-51-01-011,172.16.108.211,/KleeGroup-Hosting/DC4/Malteurop,Microsoft Windows Server 2008 R2 (64-bit)
VM-02-51-01-012,172.16.108.212,/KleeGroup-Hosting/DC4/Malteurop,
VM-02-51-16-011,172.16.108.156,/KleeGroup-Hosting/DC4/Malteurop,Microsoft Windows Server 2008 R2 (64-bit)
VM-02-51-21-011,172.16.108.215,/KleeGroup-Hosting/DC4/Malteurop,Microsoft Windows Server 2008 R2 (64-bit)
VM-02-51-22-011,172.16.108.213,/KleeGroup-Hosting/DC4/Malteurop,Microsoft Windows Server 2008 R2 (64-bit)
VM-02-51-22-012,172.16.108.214,/KleeGroup-Hosting/DC4/Malteurop,Microsoft Windows Server 2008 R2 (64-bit)
VM-02-52-01-101,10.102.2.86,/KleeGroup-Hosting/DC4/LeSaffre,Microsoft Windows Server 2019 (64-bit)
VM-02-52-01-102,10.102.2.87,/KleeGroup-Hosting/DC4/LeSaffre,Microsoft Windows Server 2016 or later (64-bit)
VM-02-52-02-101,10.102.2.88,/KleeGroup-Hosting/DC4/LeSaffre,Microsoft Windows Server 2016 or later (64-bit)
VM-02-52-02-102,10.102.2.89,/KleeGroup-Hosting/DC4/LeSaffre,Microsoft Windows Server 2016 or later (64-bit)
VM-02-52-16-101,10.102.2.18,/KleeGroup-Hosting/DC4/LeSaffre,Microsoft Windows Server 2016 or later (64-bit)
VM-02-52-16-102,10.102.2.19,/KleeGroup-Hosting/DC4/LeSaffre,Microsoft Windows Server 2019 (64-bit)
VM-02-52-22-101,10.102.2.91,/KleeGroup-Hosting/DC4/LeSaffre,Microsoft Windows Server 2016 or later (64-bit)
VM-02-52-22-102,10.102.2.92,/KleeGroup-Hosting/DC4/LeSaffre,Microsoft Windows Server 2016 or later (64-bit)
VM-02-52-77-102,10.102.2.94,/KleeGroup-Hosting/DC4/LeSaffre,Microsoft Windows Server 2016 or later (64-bit)
VM-02-52-78-101,10.102.2.93,/KleeGroup-Hosting/DC4/LeSaffre,Microsoft Windows Server 2016 or later (64-bit)
VM-02-52-VADC-001,10.102.2.66,/KleeGroup-Hosting/DC4/LeSaffre,Ubuntu Linux (64-bit)
VM-02-52-VADC-002,10.102.2.67,/KleeGroup-Hosting/DC4/LeSaffre,Ubuntu Linux (64-bit)
VM-02-53-01-001,172.17.53.205,/KleeGroup-Hosting/DC4/ADEO/PreProduction,Microsoft Windows Server 2022 (64-bit)
VM-02-53-01-002,172.17.53.206,/KleeGroup-Hosting/DC4/ADEO/PreProduction,Microsoft Windows Server 2022 (64-bit)
VM-02-53-02-001,172.17.53.207,/KleeGroup-Hosting/DC4/ADEO/PreProduction,Microsoft Windows Server 2022 (64-bit)
VM-02-53-02-002,172.17.53.208,/KleeGroup-Hosting/DC4/ADEO/PreProduction,Microsoft Windows Server 2022 (64-bit)
VM-02-53-16-001,172.17.53.147,/KleeGroup-Hosting/DC4/ADEO/PreProduction,Microsoft Windows Server 2022 (64-bit)
VM-02-53-22-001,172.17.53.209,/KleeGroup-Hosting/DC4/ADEO/PreProduction,Microsoft Windows Server 2022 (64-bit)
VM-02-53-22-002,172.17.53.210,/KleeGroup-Hosting/DC4/ADEO/PreProduction,Microsoft Windows Server 2022 (64-bit)
VM-02-53-22-003,172.17.53.211,/KleeGroup-Hosting/DC4/ADEO/PreProduction,Microsoft Windows Server 2022 (64-bit)
VM-02-54-01-001,172.17.54.72,/KleeGroup-Hosting/TCC/TERREAL,Microsoft Windows Server 2022 (64-bit)
VM-02-54-16-001,172.17.54.19,/KleeGroup-Hosting/TCC/TERREAL,Microsoft Windows Server 2022 (64-bit)
VM-02-54-22-001,172.17.54.73,/KleeGroup-Hosting/TCC/TERREAL,Microsoft Windows Server 2022 (64-bit)
VM-02-56-01-001,172.17.56.194,/KleeGroup-Hosting/DC4/BNPP,Red Hat Enterprise Linux 7 (64-bit)
VM-02-56-02-001,172.17.56.195,/KleeGroup-Hosting/DC4/BNPP,Red Hat Enterprise Linux 7 (64-bit)
VM-02-56-06-001,172.17.56.196,/KleeGroup-Hosting/DC4/BNPP,Red Hat Enterprise Linux 7 (64-bit)
VM-02-56-12-001,172.17.56.197,/KleeGroup-Hosting/DC4/BNPP,Red Hat Enterprise Linux 7 (64-bit)
VM-02-56-16-001,172.17.56.146,/KleeGroup-Hosting/DC4/BNPP,Red Hat Enterprise Linux 7 (64-bit)
VM-02-56-17-001,172.17.56.198,/KleeGroup-Hosting/DC4/BNPP,Red Hat Enterprise Linux 7 (64-bit)
VM-02-57-01-001,172.17.57.194,/KleeGroup-Hosting/TCC/GTT,Other (32-bit)
VM-02-57-01-002,172.17.57.195,/KleeGroup-Hosting/TCC/GTT,Other (32-bit)
VM-02-57-01-101,172.17.57.196,/KleeGroup-Hosting/TCC/GTT,Other (32-bit)
VM-02-57-01-102,172.17.57.197,/KleeGroup-Hosting/TCC/GTT,Other (32-bit)
VM-02-57-16-001,172.17.57.146,/KleeGroup-Hosting/TCC/GTT,Other (32-bit)
VM-02-57-16-002,172.17.57.147,/KleeGroup-Hosting/TCC/GTT,Debian GNU/Linux 11 (64-bit)
VM-02-59-01-101,172.17.114.206,/KleeGroup-Hosting/DC4/MOBIVIA/PreProd,Microsoft Windows Server 2016 or later (64-bit)
VM-02-59-01-102,172.17.114.207,/KleeGroup-Hosting/DC4/MOBIVIA/PreProd,Microsoft Windows Server 2016 or later (64-bit)
VM-02-59-16-101,172.17.114.147,/KleeGroup-Hosting/DC4/MOBIVIA/PreProd,Microsoft Windows Server 2016 or later (64-bit)
VM-02-59-22-101,172.17.114.208,/KleeGroup-Hosting/DC4/MOBIVIA/PreProd,Microsoft Windows Server 2019 (64-bit)
VM-02-59-22-102,172.17.114.209,/KleeGroup-Hosting/DC4/MOBIVIA/PreProd,Microsoft Windows Server 2016 or later (64-bit)
VM-02-59-78-102,172.17.114.205,/KleeGroup-Hosting/DC4/MOBIVIA/PreProd,Microsoft Windows Server 2016 or later (64-bit)
VM-02-62-01-101,192.168.164.202,/KleeGroup-Hosting/DC4/Arc,Microsoft Windows Server 2016 or later (64-bit)
VM-02-62-16-101,192.168.164.153,/KleeGroup-Hosting/DC4/Arc,Microsoft Windows Server 2016 or later (64-bit)
VM-02-62-22-101,192.168.164.203,/KleeGroup-Hosting/DC4/Arc,Microsoft Windows Server 2016 or later (64-bit)
VM-02-63-01-001,172.17.63.199,/KleeGroup-Hosting/TCC/Eurotoll,CentOS 4/5 (64-bit)
VM-02-63-01-002,172.17.63.200,/KleeGroup-Hosting/TCC/Eurotoll,CentOS 4/5 (64-bit)
VM-02-63-16-001,172.17.63.152,/KleeGroup-Hosting/TCC/Eurotoll,CentOS 4/5 (64-bit)
VM-02-85-01-101,192.168.185.206,/KleeGroup-Hosting/DC4/Valtech,Microsoft Windows Server 2016 or later (64-bit)
VM-02-85-01-102,192.168.185.207,/KleeGroup-Hosting/DC4/Valtech,Microsoft Windows Server 2016 or later (64-bit)
VM-02-85-16-101,192.168.185.147,/KleeGroup-Hosting/DC4/Valtech,Microsoft Windows Server 2019 (64-bit)
VM-02-85-22-101,192.168.185.208,/KleeGroup-Hosting/DC4/Valtech,Microsoft Windows Server 2016 or later (64-bit)
VM-02-85-22-102,192.168.185.209,/KleeGroup-Hosting/DC4/Valtech,Microsoft Windows Server 2016 or later (64-bit)
VM-02-87-01-101,192.168.87.76,/KleeGroup-Hosting/TCC/Kiabi,Microsoft Windows Server 2022 (64-bit)
VM-02-87-01-102,192.168.87.77,/KleeGroup-Hosting/TCC/Kiabi,Microsoft Windows Server 2022 (64-bit)
VM-02-87-16-101,192.168.87.21,/KleeGroup-Hosting/TCC/Kiabi,Microsoft Windows Server 2022 (64-bit)
VM-02-87-16-102,192.168.87.22,/KleeGroup-Hosting/TCC/Kiabi,Microsoft Windows Server 2022 (64-bit)
VM-02-99-01-008,192.168.127.127,/KleeGroup-Hosting/DC4/Rct01,CentOS 7 (64-bit)
VM-02-99-01-010-pilote,192.168.139.29,/KleeGroup-Hosting/DC4/Kleegroup,Other (32-bit)
VM-02-99-01-201,192.168.180.155,/KleeGroup-Hosting/DC4/KleePerformance,Other (32-bit)
VM-02-99-01-209,192.168.180.110,/KleeGroup-Hosting/DC4/Kleegroup,Other (32-bit)
VM-02-99-02-401,192.168.180.91,/KleeGroup-Hosting/DC4/Kleegroup,Other (32-bit)
VM-02-99-05-001,192.168.89.39,/KleeGroup-Hosting/DC4/Mutualise,Other 2.6.x Linux (64-bit)
VM-02-99-33-001,192.168.142.211,/KleeGroup-Hosting/DC4/Mutualise,Microsoft Windows Server 2012 (64-bit)
VM-02-99-33-002,192.168.142.212,/KleeGroup-Hosting/DC4/Mutualise,Microsoft Windows Server 2012 (64-bit)
VM-02-99-90-001,192.168.142.10,/KleeGroup-Hosting/DC4/Management,CentOS 6 (64-bit)
VM-02-99-90-101,192.168.142.15,/KleeGroup-Hosting/DC4/Mutualise,Other 3.x or later Linux (64-bit)
VM-02-99-90-302,192.168.142.206,/KleeGroup-Hosting/DC4/Management,Microsoft Windows Server 2016 or later (64-bit)
VM-02-KC-01-001,192.168.117.163,/KleeGroup-Hosting/DC4/KleeCommerce,
VM-02-KC-01-015,192.168.117.176,/KleeGroup-Hosting/DC4/KleeCommerce,CentOS 4/5 (64-bit)
VM-02-KC-01-100,192.168.117.189,/KleeGroup-Hosting/DC4/KleeCommerce,Microsoft Windows Server 2016 or later (64-bit)
VM-02-KC-01-112,192.168.117.182,/KleeGroup-Hosting/DC4/KleeCommerce,Other (32-bit)
VM-02-KC-02-100,192.168.117.61,/KleeGroup-Hosting/DC4/KleeCommerce,Microsoft Windows Server 2016 or later (64-bit)
VM-02-KC-04-001,192.168.117.41,/KleeGroup-Hosting/DC4/KleeCommerce,Microsoft Windows Server 2008 (32-bit)
VM-02-KC-04-002,192.168.117.45,/KleeGroup-Hosting/DC4/KleeCommerce,Microsoft Windows Server 2008 R2 (64-bit)
VM-02-KC-04-101,192.168.117.181,/KleeGroup-Hosting/DC4/KleeCommerce,Microsoft Windows Server 2016 (64-bit)
VM-02-KC-16-001,192.168.117.37,/KleeGroup-Hosting/DC4/KleeCommerce,CentOS 4/5 (64-bit)
VM-02-KC-16-101,192.168.117.46,/KleeGroup-Hosting/DC4/KleeCommerce,Debian GNU/Linux 10 (64-bit)
VM-03-09-02-101,172.17.19.80,/KleeGroup-Hosting/TCC/FNMF,Debian GNU/Linux 11 (64-bit)
VM-03-09-07-101,172.17.19.82,/KleeGroup-Hosting/TCC/FNMF,Debian GNU/Linux 11 (64-bit)
VM-03-09-16-101,172.17.19.26,/KleeGroup-Hosting/TCC/FNMF,Other (32-bit)
VM-03-13-01-006,172.17.13.246,/KleeGroup-Hosting/DC4/France Active,Red Hat Enterprise Linux 7 (64-bit)
VM-03-13-01-008,172.17.13.248,/KleeGroup-Hosting/DC4/France Active,Microsoft Windows Server 2003 Standard (32-bit)
VM-03-13-01-030,172.17.13.251,/KleeGroup-Hosting/DC4/France Active,Other (64-bit)
VM-03-13-16-007,172.17.13.118,/KleeGroup-Hosting/DC4/France Active,Microsoft Windows Server 2003 (32-bit)
VM-03-13-16-030,172.17.13.124,/KleeGroup-Hosting/DC4/France Active,Other (64-bit)
VM-03-17-01-001,172.17.113.210,/KleeGroup-Hosting/DC4/FPLP/EPM121/Archive,Microsoft Windows Server 2008 R2 (64-bit)
VM-03-17-01-101,172.17.113.83,/KleeGroup-Hosting/TCC/FPLP/EPM124/Dev,Microsoft Windows Server 2012 (64-bit)
VM-03-17-16-001,172.17.113.152,/KleeGroup-Hosting/DC4/FPLP/EPM121/Archive,Microsoft Windows Server 2008 R2 (64-bit)
VM-03-17-16-101,172.17.113.20,/KleeGroup-Hosting/TCC/FPLP/EPM124/Dev,Microsoft Windows Server 2012 (64-bit)
VM-03-17-20-101,172.17.113.85,/KleeGroup-Hosting/TCC/FPLP/EPM124/Dev,Microsoft Windows Server 2012 (64-bit)
VM-03-17-21-001,172.17.113.214,/KleeGroup-Hosting/DC4/FPLP/EPM121/Archive,Microsoft Windows Server 2008 R2 (64-bit)
VM-03-17-22-001,172.17.113.212,/KleeGroup-Hosting/DC4/FPLP/EPM121/Archive,
VM-03-17-22-101,172.17.113.84,/KleeGroup-Hosting/TCC/FPLP/EPM124/Dev,Microsoft Windows Server 2012 (64-bit)
VM-03-17-78-101,172.17.113.86,/KleeGroup-Hosting/TCC/FPLP/EPM124/Dev,Microsoft Windows Server 2012 (64-bit)
VM-03-29-01-001,172.17.29.70,/KleeGroup-Hosting/DC4/ALLIANZ/Recette_Client,Red Hat Enterprise Linux 7 (64-bit)
VM-03-29-02-001,172.17.29.71,/KleeGroup-Hosting/DC4/ALLIANZ/Recette_Client,Red Hat Enterprise Linux 7 (64-bit)
VM-03-29-12-001,172.17.29.73,/KleeGroup-Hosting/DC4/ALLIANZ/Recette_Client,Red Hat Enterprise Linux 7 (64-bit)
VM-03-29-16-001,172.17.29.19,/KleeGroup-Hosting/DC4/ALLIANZ/Recette_Client,Red Hat Enterprise Linux 7 (64-bit)
VM-03-29-17-001,172.17.29.72,/KleeGroup-Hosting/DC4/ALLIANZ/Recette_Client,Red Hat Enterprise Linux 7 (64-bit)
VM-03-46-01-001,172.17.46.212,/KleeGroup-Hosting/DC4/TOTAL,Red Hat Enterprise Linux 7 (64-bit)
VM-03-46-01-002,172.17.46.213,/KleeGroup-Hosting/DC4/TOTAL,Red Hat Enterprise Linux 7 (64-bit)
VM-03-46-02-001,172.17.46.210,/KleeGroup-Hosting/DC4/TOTAL,Red Hat Enterprise Linux 7 (64-bit)
VM-03-46-02-002,172.17.46.211,/KleeGroup-Hosting/DC4/TOTAL,Red Hat Enterprise Linux 7 (64-bit)
VM-03-46-06-001,172.17.46.216,/KleeGroup-Hosting/DC4/TOTAL,Red Hat Enterprise Linux 7 (64-bit)
VM-03-46-12-001,172.17.46.214,/KleeGroup-Hosting/DC4/TOTAL,Red Hat Enterprise Linux 7 (64-bit)
VM-03-46-16-001,172.17.46.155,/KleeGroup-Hosting/DC4/TOTAL,Red Hat Enterprise Linux 7 (64-bit)
VM-03-46-16-002,172.17.46.156,/KleeGroup-Hosting/DC4/TOTAL,Red Hat Enterprise Linux 7 (64-bit)
VM-03-46-17-001,172.17.46.215,/KleeGroup-Hosting/DC4/TOTAL,Red Hat Enterprise Linux 7 (64-bit)
VM-03-51-01-011,172.16.108.195,/KleeGroup-Hosting/DC4/Malteurop,
VM-03-51-16-011,172.16.108.146,/KleeGroup-Hosting/DC4/Malteurop,Microsoft Windows Server 2008 R2 (64-bit)
VM-03-51-21-011,172.16.108.197,/KleeGroup-Hosting/DC4/Malteurop,Microsoft Windows Server 2008 R2 (64-bit)
VM-03-51-22-011,172.16.108.196,/KleeGroup-Hosting/DC4/Malteurop,Microsoft Windows Server 2008 R2 (64-bit)
VM-03-51-78-101,172.16.108.200,/KleeGroup-Hosting/DC4/Malteurop,Microsoft Windows Server 2008 R2 (64-bit)
VM-03-52-01-101,10.102.2.209,/KleeGroup-Hosting/TCC/Lesaffre,Microsoft Windows Server 2016 or later (64-bit)
VM-03-52-02-101,10.102.2.210,/KleeGroup-Hosting/TCC/Lesaffre,Microsoft Windows Server 2016 or later (64-bit)
VM-03-52-16-101,10.102.2.156,/KleeGroup-Hosting/TCC/Lesaffre,Microsoft Windows Server 2016 or later (64-bit)
VM-03-52-16-102,10.102.2.157,/KleeGroup-Hosting/TCC/Lesaffre,Microsoft Windows Server 2016 or later (64-bit)
VM-03-52-22-101,10.102.2.212,/KleeGroup-Hosting/TCC/Lesaffre,Microsoft Windows Server 2016 or later (64-bit)
VM-03-52-78-101,10.102.2.213,/KleeGroup-Hosting/TCC/Lesaffre,Microsoft Windows Server 2016 or later (64-bit)
VM-03-53-01-001,172.17.53.214,/KleeGroup-Hosting/DC4/ADEO/Dev,Microsoft Windows Server 2022 (64-bit)
VM-03-53-02-001,172.17.53.215,/KleeGroup-Hosting/DC4/ADEO/Dev,Microsoft Windows Server 2022 (64-bit)
VM-03-53-16-001,172.17.53.148,/KleeGroup-Hosting/DC4/ADEO/Dev,Microsoft Windows Server 2022 (64-bit)
VM-03-53-22-001,172.17.53.216,/KleeGroup-Hosting/DC4/ADEO/Dev,Microsoft Windows Server 2022 (64-bit)
VM-03-87-01-101,192.168.87.78,/KleeGroup-Hosting/TCC/Kiabi,Microsoft Windows Server 2022 (64-bit)
VM-03-87-16-101,192.168.87.23,/KleeGroup-Hosting/TCC/Kiabi,Microsoft Windows Server 2022 (64-bit)
VM-03-87-16-102,192.168.87.24,/KleeGroup-Hosting/TCC/Kiabi,Microsoft Windows Server 2022 (64-bit)
VM-03-99-01-002,192.168.127.162,/KleeGroup-Hosting/DC4/Mutualise,CentOS 6 (64-bit)
VM-03-99-01-003,192.168.127.167,/KleeGroup-Hosting/DC4/Mutualise,Red Hat Enterprise Linux 6 (64-bit)
VM-05-51-03-001,172.16.108.216,/KleeGroup-Hosting/DC4/Malteurop,Microsoft Windows Server 2008 R2 (64-bit)
VM-05-51-EPM11124,172.16.107.152,/KleeGroup-Hosting/TCC,Microsoft Windows Server 2008 R2 (64-bit)
VM-05-51-EPM112,172.16.107.153,/KleeGroup-Hosting/TCC,Microsoft Windows Server 2022 (64-bit)
VM-pacsen,pwd?,/KleeGroup-Hosting/DC4/Rct01,Microsoft Windows Server 2008 R2 (64-bit)
vm-pacsen-2,192.168.127.14,/KleeGroup-Hosting/DC4/Rct01,Microsoft Windows Server 2016 or later (64-bit)
VM-pacsen-oracle,192.168.126.80,/KleeGroup-Hosting/DC4/Rct01,Red Hat Enterprise Linux 5 (64-bit)
voip-01.kleegroup.com,192.168.139.55,/KleeGroup-Hosting/DC4/Kleegroup,CentOS 4/5/6 (64-bit)
voip-02.kleegroup.com,192.168.139.56,/KleeGroup-Hosting/DC4/Kleegroup,CentOS 4/5/6 (64-bit)
